Workbook

Sheet Dashboard
A1: Sales Dashboard 2025 | لوحة متابعة المبيعات 2025
A3: Total Sales (EGP) | D3: Total Orders | G3: Avg Order Value | J3: Best Month (Sales)
A4: =Monthly_Summary!D16 -> 13440426 | D4: =Monthly_Summary!C16 -> 7995 | G4: =Monthly_Summary!E16 -> 1681.104 | J4: =INDEX(Monthly_Summary!B4:B15, MATCH(MAX(Monthly_Summary!D4:D15), Monthly_Summary!D4:D15, 0)) -> فبراير
J6: =MAX(Monthly_Summary!D4:D15) -> 1567533.5

Sheet Monthly_Summary
A1: ملخص المبيعات 2025 | Sales Summary 2025
A3: MonthNo | B3: Month (AR) | C3: Orders | D3: Sales | E3: Avg Order | F3: MoM Sales % | G3: MoM Orders % | H3: Sales Share %
A4: 1 | B4: يناير | C4: =COUNTIF(Data_2025!$C:$C,A4) -> 394 | D4: =SUMIF(Data_2025!$C:$C,A4,Data_2025!$T:$T) -> 1033605 | E4: =IF(C4=0,"",D4/C4) -> 2623.3629 | H4: =IF($D$16=0,"",D4/$D$16) -> 0.076902694
A5: 2 | B5: فبراير | C5: =COUNTIF(Data_2025!$C:$C,A5) -> 826 | D5: =SUMIF(Data_2025!$C:$C,A5,Data_2025!$T:$T) -> 1567533.5 | E5: =IF(C5=0,"",D5/C5) -> 1897.7403 | F5: =IF(D4=0,"",D5/D4-1) -> 0.51656919 | G5: =IF(C4=0,"",C5/C4-1) -> 1.0964467 | H5: =IF($D$16=0,"",D5/$D$16) -> 0.11662826
A6: 3 | B6: مارس | C6: =COUNTIF(Data_2025!$C:$C,A6) -> 488 | D6: =SUMIF(Data_2025!$C:$C,A6,Data_2025!$T:$T) -> 927916 | E6: =IF(C6=0,"",D6/C6) -> 1901.4672 | F6: =IF(D5=0,"",D6/D5-1) -> -0.40804072 | G6: =IF(C5=0,"",C6/C5-1) -> -0.40920097 | H6: =IF($D$16=0,"",D6/$D$16) -> 0.069039178
A7: 4 | B7: أبريل | C7: =COUNTIF(Data_2025!$C:$C,A7) -> 486 | D7: =SUMIF(Data_2025!$C:$C,A7,Data_2025!$T:$T) -> 823230 | E7: =IF(C7=0,"",D7/C7) -> 1693.8889 | F7: =IF(D6=0,"",D7/D6-1) -> -0.1128184 | G7: =IF(C6=0,"",C7/C6-1) -> -0.0040983607 | H7: =IF($D$16=0,"",D7/$D$16) -> 0.061250288
A8: 5 | B8: مايو | C8: =COUNTIF(Data_2025!$C:$C,A8) -> 639 | D8: =SUMIF(Data_2025!$C:$C,A8,Data_2025!$T:$T) -> 1196154 | E8: =IF(C8=0,"",D8/C8) -> 1871.9155 | F8: =IF(D7=0,"",D8/D7-1) -> 0.45300098 | G8: =IF(C7=0,"",C8/C7-1) -> 0.31481481 | H8: =IF($D$16=0,"",D8/$D$16) -> 0.088996729
A9: 6 | B9: يونيو | C9: =COUNTIF(Data_2025!$C:$C,A9) -> 311 | D9: =SUMIF(Data_2025!$C:$C,A9,Data_2025!$T:$T) -> 636635 | E9: =IF(C9=0,"",D9/C9) -> 2047.0579 | F9: =IF(D8=0,"",D9/D8-1) -> -0.46776502 | G9: =IF(C8=0,"",C9/C8-1) -> -0.51330203 | H9: =IF($D$16=0,"",D9/$D$16) -> 0.047367172
A10: 7 | B10: يوليو | C10: =COUNTIF(Data_2025!$C:$C,A10) -> 766 | D10: =SUMIF(Data_2025!$C:$C,A10,Data_2025!$T:$T) -> 1223935 | E10: =IF(C10=0,"",D10/C10) -> 1597.8264 | F10: =IF(D9=0,"",D10/D9-1) -> 0.92250662 | G10: =IF(C9=0,"",C10/C9-1) -> 1.4630225 | H10: =IF($D$16=0,"",D10/$D$16) -> 0.091063702
A11: 8 | B11: أغسطس | C11: =COUNTIF(Data_2025!$C:$C,A11) -> 1115 | D11: =SUMIF(Data_2025!$C:$C,A11,Data_2025!$T:$T) -> 1491726 | E11: =IF(C11=0,"",D11/C11) -> 1337.8709 | F11: =IF(D10=0,"",D11/D10-1) -> 0.21879512 | G11: =IF(C10=0,"",C11/C10-1) -> 0.45561358 | H11: =IF($D$16=0,"",D11/$D$16) -> 0.110988
A12: 9 | B12: سبتمبر | C12: =COUNTIF(Data_2025!$C:$C,A12) -> 875 | D12: =SUMIF(Data_2025!$C:$C,A12,Data_2025!$T:$T) -> 1260150 | E12: =IF(C12=0,"",D12/C12) -> 1440.1714 | F12: =IF(D11=0,"",D12/D11-1) -> -0.15524031 | G12: =IF(C11=0,"",C12/C11-1) -> -0.21524664 | H12: =IF($D$16=0,"",D12/$D$16) -> 0.093758185
A13: 10 | B13: أكتوبر | C13: =COUNTIF(Data_2025!$C:$C,A13) -> 717 | D13: =SUMIF(Data_2025!$C:$C,A13,Data_2025!$T:$T) -> 1023910 | E13: =IF(C13=0,"",D13/C13) -> 1428.0474 | F13: =IF(D12=0,"",D13/D12-1) -> -0.18746975 | G13: =IF(C12=0,"",C13/C12-1) -> -0.18057143 | H13: =IF($D$16=0,"",D13/$D$16) -> 0.076181362
A14: 11 | B14: نوفمبر | C14: =COUNTIF(Data_2025!$C:$C,A14) -> 663 | D14: =SUMIF(Data_2025!$C:$C,A14,Data_2025!$T:$T) -> 1022121 | E14: =IF(C14=0,"",D14/C14) -> 1541.6606 | F14: =IF(D13=0,"",D14/D13-1) -> -0.0017472239 | G14: =IF(C13=0,"",C14/C13-1) -> -0.075313808 | H14: =IF($D$16=0,"",D14/$D$16) -> 0.076048256
A15: 12 | B15: ديسمبر | C15: =COUNTIF(Data_2025!$C:$C,A15) -> 715 | D15: =SUMIF(Data_2025!$C:$C,A15,Data_2025!$T:$T) -> 1233511 | E15: =IF(C15=0,"",D15/C15) -> 1725.1902 | F15: =IF(D14=0,"",D15/D14-1) -> 0.20681504 | G15: =IF(C14=0,"",C15/C14-1) -> 0.078431373 | H15: =IF($D$16=0,"",D15/$D$16) -> 0.09177618
B16: TOTAL | C16: =SUM(C4:C15) -> 7995 | D16: =SUM(D4:D15) -> 13440426 | E16: =IF(C16=0,"",D16/C16) -> 1681.104 | H16: =1 -> 1

Sheet Geo
A1: المبيعات حسب المحافظة | Sales by Governorate
B2: Total Sales | C2: =SUM(Data_2025!$T:$T) -> 13440426 | E2: Top 10
A3: Governorate | B3: Orders | C3: Sales | D3: Avg Order | E3: Sales Share % | F3: Rank | H3: Rank | I3: Governorate | J3: Sales | K3: Orders
A4: القاهرة | B4: =COUNTIF(Data_2025!$M:$M,A4) -> 3202 | C4: =SUMIF(Data_2025!$M:$M,A4,Data_2025!$T:$T) -> 5041772 | D4: =IF(B4=0,"",C4/B4) -> 1574.5696 | E4: =IF($C$2=0,"",C4/$C$2) -> 0.37511994 | F4: =_xludf.RANK.EQ(C4,$C$4:$C$45,0) -> #NAME? | H4: 1 | I4: =INDEX($A$4:$A$45,MATCH(H4,$F$4:$F$45,0)) -> #N/A | J4: =LARGE($C$4:$C$45,H4) -> 5041772 | K4: =INDEX($B$4:$B$45,MATCH(H4,$F$4:$F$45,0)) -> #N/A
A5: الجيزة | B5: =COUNTIF(Data_2025!$M:$M,A5) -> 1249 | C5: =SUMIF(Data_2025!$M:$M,A5,Data_2025!$T:$T) -> 1847942 | D5: =IF(B5=0,"",C5/B5) -> 1479.5372 | E5: =IF($C$2=0,"",C5/$C$2) -> 0.13749132 | F5: =_xludf.RANK.EQ(C5,$C$4:$C$45,0) -> #NAME? | H5: 2 | I5: =INDEX($A$4:$A$45,MATCH(H5,$F$4:$F$45,0)) -> #N/A | J5: =LARGE($C$4:$C$45,H5) -> 1847942 | K5: =INDEX($B$4:$B$45,MATCH(H5,$F$4:$F$45,0)) -> #N/A
A6: الغربية | B6: =COUNTIF(Data_2025!$M:$M,A6) -> 1073 | C6: =SUMIF(Data_2025!$M:$M,A6,Data_2025!$T:$T) -> 1575427 | D6: =IF(B6=0,"",C6/B6) -> 1468.2451 | E6: =IF($C$2=0,"",C6/$C$2) -> 0.11721555 | F6: =_xludf.RANK.EQ(C6,$C$4:$C$45,0) -> #NAME? | H6: 3 | I6: =INDEX($A$4:$A$45,MATCH(H6,$F$4:$F$45,0)) -> #N/A | J6: =LARGE($C$4:$C$45,H6) -> 1575427 | K6: =INDEX($B$4:$B$45,MATCH(H6,$F$4:$F$45,0)) -> #N/A
A7: الإسكندرية | B7: =COUNTIF(Data_2025!$M:$M,A7) -> 380 | C7: =SUMIF(Data_2025!$M:$M,A7,Data_2025!$T:$T) -> 1253208 | D7: =IF(B7=0,"",C7/B7) -> 3297.9158 | E7: =IF($C$2=0,"",C7/$C$2) -> 0.093241684 | F7: =_xludf.RANK.EQ(C7,$C$4:$C$45,0) -> #NAME? | H7: 4 | I7: =INDEX($A$4:$A$45,MATCH(H7,$F$4:$F$45,0)) -> #N/A | J7: =LARGE($C$4:$C$45,H7) -> 1253208 | K7: =INDEX($B$4:$B$45,MATCH(H7,$F$4:$F$45,0)) -> #N/A
A8: الدقهلية | B8: =COUNTIF(Data_2025!$M:$M,A8) -> 477 | C8: =SUMIF(Data_2025!$M:$M,A8,Data_2025!$T:$T) -> 839966 | D8: =IF(B8=0,"",C8/B8) -> 1760.935 | E8: =IF($C$2=0,"",C8/$C$2) -> 0.062495487 | F8: =_xludf.RANK.EQ(C8,$C$4:$C$45,0) -> #NAME? | H8: 5 | I8: =INDEX($A$4:$A$45,MATCH(H8,$F$4:$F$45,0)) -> #N/A | J8: =LARGE($C$4:$C$45,H8) -> 839966 | K8: =INDEX($B$4:$B$45,MATCH(H8,$F$4:$F$45,0)) -> #N/A
A9: الشرقية | B9: =COUNTIF(Data_2025!$M:$M,A9) -> 406 | C9: =SUMIF(Data_2025!$M:$M,A9,Data_2025!$T:$T) -> 663013.5 | D9: =IF(B9=0,"",C9/B9) -> 1633.0382 | E9: =IF($C$2=0,"",C9/$C$2) -> 0.049329796 | F9: =_xludf.RANK.EQ(C9,$C$4:$C$45,0) -> #NAME? | H9: 6 | I9: =INDEX($A$4:$A$45,MATCH(H9,$F$4:$F$45,0)) -> #N/A | J9: =LARGE($C$4:$C$45,H9) -> 663013.5 | K9: =INDEX($B$4:$B$45,MATCH(H9,$F$4:$F$45,0)) -> #N/A
A10: القليوبية | B10: =COUNTIF(Data_2025!$M:$M,A10) -> 406 | C10: =SUMIF(Data_2025!$M:$M,A10,Data_2025!$T:$T) -> 632564 | D10: =IF(B10=0,"",C10/B10) -> 1558.0394 | E10: =IF($C$2=0,"",C10/$C$2) -> 0.04706428 | F10: =_xludf.RANK.EQ(C10,$C$4:$C$45,0) -> #NAME? | H10: 7 | I10: =INDEX($A$4:$A$45,MATCH(H10,$F$4:$F$45,0)) -> #N/A | J10: =LARGE($C$4:$C$45,H10) -> 632564 | K10: =INDEX($B$4:$B$45,MATCH(H10,$F$4:$F$45,0)) -> #N/A
A11: المنوفية | B11: =COUNTIF(Data_2025!$M:$M,A11) -> 262 | C11: =SUMIF(Data_2025!$M:$M,A11,Data_2025!$T:$T) -> 447913 | D11: =IF(B11=0,"",C11/B11) -> 1709.5916 | E11: =IF($C$2=0,"",C11/$C$2) -> 0.033325803 | F11: =_xludf.RANK.EQ(C11,$C$4:$C$45,0) -> #NAME? | H11: 8 | I11: =INDEX($A$4:$A$45,MATCH(H11,$F$4:$F$45,0)) -> #N/A | J11: =LARGE($C$4:$C$45,H11) -> 447913 | K11: =INDEX($B$4:$B$45,MATCH(H11,$F$4:$F$45,0)) -> #N/A
A12: البحيرة | B12: =COUNTIF(Data_2025!$M:$M,A12) -> 181 | C12: =SUMIF(Data_2025!$M:$M,A12,Data_2025!$T:$T) -> 269096 | D12: =IF(B12=0,"",C12/B12) -> 1486.7182 | E12: =IF($C$2=0,"",C12/$C$2) -> 0.020021388 | F12: =_xludf.RANK.EQ(C12,$C$4:$C$45,0) -> #NAME? | H12: 9 | I12: =INDEX($A$4:$A$45,MATCH(H12,$F$4:$F$45,0)) -> #N/A | J12: =LARGE($C$4:$C$45,H12) -> 269096 | K12: =INDEX($B$4:$B$45,MATCH(H12,$F$4:$F$45,0)) -> #N/A
A13: كفر الشيخ | B13: =COUNTIF(Data_2025!$M:$M,A13) -> 142 | C13: =SUMIF(Data_2025!$M:$M,A13,Data_2025!$T:$T) -> 248030 | D13: =IF(B13=0,"",C13/B13) -> 1746.6901 | E13: =IF($C$2=0,"",C13/$C$2) -> 0.018454027 | F13: =_xludf.RANK.EQ(C13,$C$4:$C$45,0) -> #NAME? | H13: 10 | I13: =INDEX($A$4:$A$45,MATCH(H13,$F$4:$F$45,0)) -> #N/A | J13: =LARGE($C$4:$C$45,H13) -> 248030 | K13: =INDEX($B$4:$B$45,MATCH(H13,$F$4:$F$45,0)) -> #N/A
A14: الغردقه | B14: =COUNTIF(Data_2025!$M:$M,A14) -> 4 | C14: =SUMIF(Data_2025!$M:$M,A14,Data_2025!$T:$T) -> 196275 | D14: =IF(B14=0,"",C14/B14) -> 49068.75 | E14: =IF($C$2=0,"",C14/$C$2) -> 0.014603331 | F14: =_xludf.RANK.EQ(C14,$C$4:$C$45,0) -> #NAME?
A15: دمياط | B15: =COUNTIF(Data_2025!$M:$M,A15) -> 47 | C15: =SUMIF(Data_2025!$M:$M,A15,Data_2025!$T:$T) -> 87225 | D15: =IF(B15=0,"",C15/B15) -> 1855.8511 | E15: =IF($C$2=0,"",C15/$C$2) -> 0.0064897494 | F15: =_xludf.RANK.EQ(C15,$C$4:$C$45,0) -> #NAME?
A16: السويس | B16: =COUNTIF(Data_2025!$M:$M,A16) -> 34 | C16: =SUMIF(Data_2025!$M:$M,A16,Data_2025!$T:$T) -> 63225 | D16: =IF(B16=0,"",C16/B16) -> 1859.5588 | E16: =IF($C$2=0,"",C16/$C$2) -> 0.0047040918 | F16: =_xludf.RANK.EQ(C16,$C$4:$C$45,0) -> #NAME?
A17: الإسماعيلية | B17: =COUNTIF(Data_2025!$M:$M,A17) -> 27 | C17: =SUMIF(Data_2025!$M:$M,A17,Data_2025!$T:$T) -> 50145 | D17: =IF(B17=0,"",C17/B17) -> 1857.2222 | E17: =IF($C$2=0,"",C17/$C$2) -> 0.0037309084 | F17: =_xludf.RANK.EQ(C17,$C$4:$C$45,0) -> #NAME?
A18: الفيوم | B18: =COUNTIF(Data_2025!$M:$M,A18) -> 3 | C18: =SUMIF(Data_2025!$M:$M,A18,Data_2025!$T:$T) -> 41290 | D18: =IF(B18=0,"",C18/B18) -> 13763.333 | E18: =IF($C$2=0,"",C18/$C$2) -> 0.0030720751 | F18: =_xludf.RANK.EQ(C18,$C$4:$C$45,0) -> #NAME?
A19: الاسماعيليه | B19: =COUNTIF(Data_2025!$M:$M,A19) -> 25 | C19: =SUMIF(Data_2025!$M:$M,A19,Data_2025!$T:$T) -> 34467 | D19: =IF(B19=0,"",C19/B19) -> 1378.68 | E19: =IF($C$2=0,"",C19/$C$2) -> 0.0025644275 | F19: =_xludf.RANK.EQ(C19,$C$4:$C$45,0) -> #NAME?
A20: بورسعيد | B20: =COUNTIF(Data_2025!$M:$M,A20) -> 14 | C20: =SUMIF(Data_2025!$M:$M,A20,Data_2025!$T:$T) -> 27674 | D20: =IF(B20=0,"",C20/B20) -> 1976.7143 | E20: =IF($C$2=0,"",C20/$C$2) -> 0.002059012 | F20: =_xludf.RANK.EQ(C20,$C$4:$C$45,0) -> #NAME?
A21: المنصوره | B21: =COUNTIF(Data_2025!$M:$M,A21) -> 20 | C21: =SUMIF(Data_2025!$M:$M,A21,Data_2025!$T:$T) -> 25680 | D21: =IF(B21=0,"",C21/B21) -> 1284 | E21: =IF($C$2=0,"",C21/$C$2) -> 0.0019106537 | F21: =_xludf.RANK.EQ(C21,$C$4:$C$45,0) -> #NAME?
A22: دمياط الجديدة | B22: =COUNTIF(Data_2025!$M:$M,A22) -> 4 | C22: =SUMIF(Data_2025!$M:$M,A22,Data_2025!$T:$T) -> 15200 | D22: =IF(B22=0,"",C22/B22) -> 3800 | E22: =IF($C$2=0,"",C22/$C$2) -> 0.0011309165 | F22: =_xludf.RANK.EQ(C22,$C$4:$C$45,0) -> #NAME?
A23: المنصورة | B23: =COUNTIF(Data_2025!$M:$M,A23) -> 4 | C23: =SUMIF(Data_2025!$M:$M,A23,Data_2025!$T:$T) -> 13550 | D23: =IF(B23=0,"",C23/B23) -> 3387.5 | E23: =IF($C$2=0,"",C23/$C$2) -> 0.0010081525 | F23: =_xludf.RANK.EQ(C23,$C$4:$C$45,0) -> #NAME?
A24: الاسماعيله | B24: =COUNTIF(Data_2025!$M:$M,A24) -> 8 | C24: =SUMIF(Data_2025!$M:$M,A24,Data_2025!$T:$T) -> 12350 | D24: =IF(B24=0,"",C24/B24) -> 1543.75 | E24: =IF($C$2=0,"",C24/$C$2) -> 0.00091886965 | F24: =_xludf.RANK.EQ(C24,$C$4:$C$45,0) -> #NAME?
A25: دمياط القديمه | B25: =COUNTIF(Data_2025!$M:$M,A25) -> 2 | C25: =SUMIF(Data_2025!$M:$M,A25,Data_2025!$T:$T) -> 7340 | D25: =IF(B25=0,"",C25/B25) -> 3670 | E25: =IF($C$2=0,"",C25/$C$2) -> 0.00054611362 | F25: =_xludf.RANK.EQ(C25,$C$4:$C$45,0) -> #NAME?
... A45: الاسماعليه | B45: =COUNTIF(Data_2025!$M:$M,A45) -> 1 | C45: =SUMIF(Data_2025!$M:$M,A45,Data_2025!$T:$T) -> 900 | D45: =IF(B45=0,"",C45/B45) -> 900 | E45: =IF($C$2=0,"",C45/$C$2) -> 6.6962161e-05 | F45: =_xludf.RANK.EQ(C45,$C$4:$C$45,0) -> #NAME?

Sheet Channels
A1: القنوات والعمليات | Channels & Operations
B2: Total Sales | C2: =SUM(Data_2025!$T:$T) -> 13440426
A3: مصدر العميل (Normalized) | Source
A4: Category | B4: Orders | C4: Sales | D4: Avg Order | E4: Sales Share % | F4: Rank | H4: Rank | I4: مصدر العميل (Normalized) | J4: Sales
A5: مكالمة / واتساب | B5: =COUNTIF(Data_2025!$I:$I,A5) -> 3957 | C5: =SUMIF(Data_2025!$I:$I,A5,Data_2025!$T:$T) -> 7839848.5 | D5: =IF(B5=0,"",C5/B5) -> 1981.2607 | E5: =IF($C$2=0,"",C5/$C$2) -> 0.58330355 | F5: =_xludf.RANK.EQ(C5,$C$5:$C$21,0) -> #NAME? | H5: 1 | I5: =INDEX($A$5:$A$21,MATCH(H5,$F$5:$F$21,0)) -> #N/A | J5: =LARGE($C$5:$C$21,H5) -> 7839848.5
A6: حملات فيسبوك | B6: =COUNTIF(Data_2025!$I:$I,A6) -> 2121 | C6: =SUMIF(Data_2025!$I:$I,A6,Data_2025!$T:$T) -> 2628573 | D6: =IF(B6=0,"",C6/B6) -> 1239.3083 | E6: =IF($C$2=0,"",C6/$C$2) -> 0.19557214 | F6: =_xludf.RANK.EQ(C6,$C$5:$C$21,0) -> #NAME? | H6: 2 | I6: =INDEX($A$5:$A$21,MATCH(H6,$F$5:$F$21,0)) -> #N/A | J6: =LARGE($C$5:$C$21,H6) -> 2628573
A7: فيسبوك | B7: =COUNTIF(Data_2025!$I:$I,A7) -> 1585 | C7: =SUMIF(Data_2025!$I:$I,A7,Data_2025!$T:$T) -> 2442068 | D7: =IF(B7=0,"",C7/B7) -> 1540.7369 | E7: =IF($C$2=0,"",C7/$C$2) -> 0.18169572 | F7: =_xludf.RANK.EQ(C7,$C$5:$C$21,0) -> #NAME? | H7: 3 | I7: =INDEX($A$5:$A$21,MATCH(H7,$F$5:$F$21,0)) -> #N/A | J7: =LARGE($C$5:$C$21,H7) -> 2442068
A8: حملات واتس | B8: =COUNTIF(Data_2025!$I:$I,A8) -> 251 | C8: =SUMIF(Data_2025!$I:$I,A8,Data_2025!$T:$T) -> 362422 | D8: =IF(B8=0,"",C8/B8) -> 1443.9124 | E8: =IF($C$2=0,"",C8/$C$2) -> 0.026965067 | F8: =_xludf.RANK.EQ(C8,$C$5:$C$21,0) -> #NAME? | H8: 4 | I8: =INDEX($A$5:$A$21,MATCH(H8,$F$5:$F$21,0)) -> #N/A | J8: =LARGE($C$5:$C$21,H8) -> 362422
A9: تيك توك | B9: =COUNTIF(Data_2025!$I:$I,A9) -> 27 | C9: =SUMIF(Data_2025!$I:$I,A9,Data_2025!$T:$T) -> 55655 | D9: =IF(B9=0,"",C9/B9) -> 2061.2963 | E9: =IF($C$2=0,"",C9/$C$2) -> 0.0041408656 | F9: =_xludf.RANK.EQ(C9,$C$5:$C$21,0) -> #NAME? | H9: 5 | I9: =INDEX($A$5:$A$21,MATCH(H9,$F$5:$F$21,0)) -> #N/A | J9: =LARGE($C$5:$C$21,H9) -> 55655
A10: تواصل | B10: =COUNTIF(Data_2025!$I:$I,A10) -> 1 | C10: =SUMIF(Data_2025!$I:$I,A10,Data_2025!$T:$T) -> 31675 | D10: =IF(B10=0,"",C10/B10) -> 31675 | E10: =IF($C$2=0,"",C10/$C$2) -> 0.002356696 | F10: =_xludf.RANK.EQ(C10,$C$5:$C$21,0) -> #NAME?
A11: ويب سايت | B11: =COUNTIF(Data_2025!$I:$I,A11) -> 16 | C11: =SUMIF(Data_2025!$I:$I,A11,Data_2025!$T:$T) -> 28330 | D11: =IF(B11=0,"",C11/B11) -> 1770.625 | E11: =IF($C$2=0,"",C11/$C$2) -> 0.00210782 | F11: =_xludf.RANK.EQ(C11,$C$5:$C$21,0) -> #NAME?
A12: اعلان | B12: =COUNTIF(Data_2025!$I:$I,A12) -> 20 | C12: =SUMIF(Data_2025!$I:$I,A12,Data_2025!$T:$T) -> 26790 | D12: =IF(B12=0,"",C12/B12) -> 1339.5 | E12: =IF($C$2=0,"",C12/$C$2) -> 0.0019932403 | F12: =_xludf.RANK.EQ(C12,$C$5:$C$21,0) -> #NAME?
A13: انستجرام | B13: =COUNTIF(Data_2025!$I:$I,A13) -> 6 | C13: =SUMIF(Data_2025!$I:$I,A13,Data_2025!$T:$T) -> 6170 | D13: =IF(B13=0,"",C13/B13) -> 1028.3333 | E13: =IF($C$2=0,"",C13/$C$2) -> 0.00045906281 | F13: =_xludf.RANK.EQ(C13,$C$5:$C$21,0) -> #NAME?
A14: اعلان واتساب | B14: =COUNTIF(Data_2025!$I:$I,A14) -> 1 | C14: =SUMIF(Data_2025!$I:$I,A14,Data_2025!$T:$T) -> 3410 | D14: =IF(B14=0,"",C14/B14) -> 3410 | E14: =IF($C$2=0,"",C14/$C$2) -> 0.00025371219 | F14: =_xludf.RANK.EQ(C14,$C$5:$C$21,0) -> #NAME?
A15: إعلان الرقاب | B15: =COUNTIF(Data_2025!$I:$I,A15) -> 3 | C15: =SUMIF(Data_2025!$I:$I,A15,Data_2025!$T:$T) -> 2900 | D15: =IF(B15=0,"",C15/B15) -> 966.66667 | E15: =IF($C$2=0,"",C15/$C$2) -> 0.00021576696 | F15: =_xludf.RANK.EQ(C15,$C$5:$C$21,0) -> #NAME?
A16: اعلانات الواتساب | B16: =COUNTIF(Data_2025!$I:$I,A16) -> 1 | C16: =SUMIF(Data_2025!$I:$I,A16,Data_2025!$T:$T) -> 2060 | D16: =IF(B16=0,"",C16/B16) -> 2060 | E16: =IF($C$2=0,"",C16/$C$2) -> 0.00015326895 | F16: =_xludf.RANK.EQ(C16,$C$5:$C$21,0) -> #NAME?
A17: مكالمات امس | B17: =COUNTIF(Data_2025!$I:$I,A17) -> 1 | C17: =SUMIF(Data_2025!$I:$I,A17,Data_2025!$T:$T) -> 1470 | D17: =IF(B17=0,"",C17/B17) -> 1470 | E17: =IF($C$2=0,"",C17/$C$2) -> 0.00010937153 | F17: =_xludf.RANK.EQ(C17,$C$5:$C$21,0) -> #NAME?
A18: شركه الشحن | B18: =COUNTIF(Data_2025!$I:$I,A18) -> 1 | C18: =SUMIF(Data_2025!$I:$I,A18,Data_2025!$T:$T) -> 1380 | D18: =IF(B18=0,"",C18/B18) -> 1380 | E18: =IF($C$2=0,"",C18/$C$2) -> 0.00010267531 | F18: =_xludf.RANK.EQ(C18,$C$5:$C$21,0) -> #NAME?
A19: شركة الشحن | B19: =COUNTIF(Data_2025!$I:$I,A19) -> 1 | C19: =SUMIF(Data_2025!$I:$I,A19,Data_2025!$T:$T) -> 1350 | D19: =IF(B19=0,"",C19/B19) -> 1350 | E19: =IF($C$2=0,"",C19/$C$2) -> 0.00010044324 | F19: =_xludf.RANK.EQ(C19,$C$5:$C$21,0) -> #NAME?
A20: استلام من المقر | B20: =COUNTIF(Data_2025!$I:$I,A20) -> 1 | C20: =SUMIF(Data_2025!$I:$I,A20,Data_2025!$T:$T) -> 1050 | D20: =IF(B20=0,"",C20/B20) -> 1050 | E20: =IF($C$2=0,"",C20/$C$2) -> 7.8122521e-05 | F20: =_xludf.RANK.EQ(C20,$C$5:$C$21,0) -> #NAME?
A21: مقر شركة الشحن | B21: =COUNTIF(Data_2025!$I:$I,A21) -> 1 | C21: =SUMIF(Data_2025!$I:$I,A21,Data_2025!$T:$T) -> 1050 | D21: =IF(B21=0,"",C21/B21) -> 1050 | E21: =IF($C$2=0,"",C21/$C$2) -> 7.8122521e-05 | F21: =_xludf.RANK.EQ(C21,$C$5:$C$21,0) -> #NAME?
A24: شركة الشحن (Normalized) | Shipping
A25: Category | B25: Orders | C25: Sales | D25: Avg Order | E25: Sales Share % | F25: Rank | H25: Rank | I25: شركة الشحن (Normalized) | J25: Sales
A26: مندوب خاص | B26: =COUNTIF(Data_2025!$K:$K,A26) -> 3328 | C26: =SUMIF(Data_2025!$K:$K,A26,Data_2025!$T:$T) -> 5861709 | D26: =IF(B26=0,"",C26/B26) -> 1761.3308 | E26: =IF($C$2=0,"",C26/$C$2) -> 0.43612522 | F26: =_xludf.RANK.EQ(C26,$C$26:$C$36,0) -> #NAME? | H26: 1 | I26: =INDEX($A$26:$A$36,MATCH(H26,$F$26:$F$36,0)) -> #N/A | J26: =LARGE($C$26:$C$36,H26) -> 5861709
A27: زودكس | B27: =COUNTIF(Data_2025!$K:$K,A27) -> 3522 | C27: =SUMIF(Data_2025!$K:$K,A27,Data_2025!$T:$T) -> 5379071 | D27: =IF(B27=0,"",C27/B27) -> 1527.2774 | E27: =IF($C$2=0,"",C27/$C$2) -> 0.4002158 | F27: =_xludf.RANK.EQ(C27,$C$26:$C$36,0) -> #NAME? | H27: 2 | I27: =INDEX($A$26:$A$36,MATCH(H27,$F$26:$F$36,0)) -> #N/A | J27: =LARGE($C$26:$C$36,H27) -> 5379071
A28: العاصمة | B28: =COUNTIF(Data_2025!$K:$K,A28) -> 869 | C28: =SUMIF(Data_2025!$K:$K,A28,Data_2025!$T:$T) -> 1208835 | D28: =IF(B28=0,"",C28/B28) -> 1391.0644 | E28: =IF($C$2=0,"",C28/$C$2) -> 0.089940226 | F28: =_xludf.RANK.EQ(C28,$C$26:$C$36,0) -> #NAME? | H28: 3 | I28: =INDEX($A$26:$A$36,MATCH(H28,$F$26:$F$36,0)) -> #N/A | J28: =LARGE($C$26:$C$36,H28) -> 1208835
A29: مندوب من المزرعة | B29: =COUNTIF(Data_2025!$K:$K,A29) -> 100 | C29: =SUMIF(Data_2025!$K:$K,A29,Data_2025!$T:$T) -> 550136 | D29: =IF(B29=0,"",C29/B29) -> 5501.36 | E29: =IF($C$2=0,"",C29/$C$2) -> 0.040931439 | F29: =_xludf.RANK.EQ(C29,$C$26:$C$36,0) -> #NAME? | H29: 4 | I29: =INDEX($A$26:$A$36,MATCH(H29,$F$26:$F$36,0)) -> #N/A | J29: =LARGE($C$26:$C$36,H29) -> 550136
A30: استلام من المزرعة | B30: =COUNTIF(Data_2025!$K:$K,A30) -> 168 | C30: =SUMIF(Data_2025!$K:$K,A30,Data_2025!$T:$T) -> 427670.5 | D30: =IF(B30=0,"",C30/B30) -> 2545.6577 | E30: =IF($C$2=0,"",C30/$C$2) -> 0.031819712 | F30: =_xludf.RANK.EQ(C30,$C$26:$C$36,0) -> #NAME? | H30: 5 | I30: =INDEX($A$26:$A$36,MATCH(H30,$F$26:$F$36,0)) -> #N/A | J30: =LARGE($C$26:$C$36,H30) -> 427670.5
A31: مندوب | B31: =COUNTIF(Data_2025!$K:$K,A31) -> 1 | C31: =SUMIF(Data_2025!$K:$K,A31,Data_2025!$T:$T) -> 3500 | D31: =IF(B31=0,"",C31/B31) -> 3500 | E31: =IF($C$2=0,"",C31/$C$2) -> 0.0002604084 | F31: =_xludf.RANK.EQ(C31,$C$26:$C$36,0) -> #NAME?
A32: مندوب من المزرعه | B32: =COUNTIF(Data_2025!$K:$K,A32) -> 1 | C32: =SUMIF(Data_2025!$K:$K,A32,Data_2025!$T:$T) -> 2960 | D32: =IF(B32=0,"",C32/B32) -> 2960 | E32: =IF($C$2=0,"",C32/$C$2) -> 0.00022023111 | F32: =_xludf.RANK.EQ(C32,$C$26:$C$36,0) -> #NAME?
A33: هيجي يستلم من المزرعه | B33: =COUNTIF(Data_2025!$K:$K,A33) -> 1 | C33: =SUMIF(Data_2025!$K:$K,A33,Data_2025!$T:$T) -> 2730 | D33: =IF(B33=0,"",C33/B33) -> 2730 | E33: =IF($C$2=0,"",C33/$C$2) -> 0.00020311855 | F33: =_xludf.RANK.EQ(C33,$C$26:$C$36,0) -> #NAME?
A34: هيسلتم من المزرعه | B34: =COUNTIF(Data_2025!$K:$K,A34) -> 2 | C34: =SUMIF(Data_2025!$K:$K,A34,Data_2025!$T:$T) -> 1935 | D34: =IF(B34=0,"",C34/B34) -> 967.5 | E34: =IF($C$2=0,"",C34/$C$2) -> 0.00014396865 | F34: =_xludf.RANK.EQ(C34,$C$26:$C$36,0) -> #NAME?
A35: هتستلم م المزرعه | B35: =COUNTIF(Data_2025!$K:$K,A35) -> 2 | C35: =SUMIF(Data_2025!$K:$K,A35,Data_2025!$T:$T) -> 1680 | D35: =IF(B35=0,"",C35/B35) -> 840 | E35: =IF($C$2=0,"",C35/$C$2) -> 0.00012499603 | F35: =_xludf.RANK.EQ(C35,$C$26:$C$36,0) -> #NAME?
A36: هتستلم م مزرعه | B36: =COUNTIF(Data_2025!$K:$K,A36) -> 1 | C36: =SUMIF(Data_2025!$K:$K,A36,Data_2025!$T:$T) -> 200 | D36: =IF(B36=0,"",C36/B36) -> 200 | E36: =IF($C$2=0,"",C36/$C$2) -> 1.488048e-05 | F36: =_xludf.RANK.EQ(C36,$C$26:$C$36,0) -> #NAME?
A39: الموديراتور (Normalized) | Moderator
A40: Category | B40: Orders | C40: Sales | D40: Avg Order | E40: Sales Share % | F40: Rank | H40: Rank | I40: الموديراتور (Normalized) | J40: Sales
A41: أية | B41: =COUNTIF(Data_2025!$G:$G,A41) -> 3126 | C41: =SUMIF(Data_2025!$G:$G,A41,Data_2025!$T:$T) -> 5906181 | D41: =IF(B41=0,"",C41/B41) -> 1889.3733 | E41: =IF($C$2=0,"",C41/$C$2) -> 0.43943405 | F41: =_xludf.RANK.EQ(C41,$C$41:$C$54,0) -> #NAME? | H41: 1 | I41: =INDEX($A$41:$A$54,MATCH(H41,$F$41:$F$54,0)) -> #N/A | J41: =LARGE($C$41:$C$54,H41) -> 5906181
A42: هبة | B42: =COUNTIF(Data_2025!$G:$G,A42) -> 1564 | C42: =SUMIF(Data_2025!$G:$G,A42,Data_2025!$T:$T) -> 2192883 | D42: =IF(B42=0,"",C42/B42) -> 1402.0991 | E42: =IF($C$2=0,"",C42/$C$2) -> 0.16315576 | F42: =_xludf.RANK.EQ(C42,$C$41:$C$54,0) -> #NAME? | H42: 2 | I42: =INDEX($A$41:$A$54,MATCH(H42,$F$41:$F$54,0)) -> #N/A | J42: =LARGE($C$41:$C$54,H42) -> 2192883
A43: رانيا | B43: =COUNTIF(Data_2025!$G:$G,A43) -> 1025 | C43: =SUMIF(Data_2025!$G:$G,A43,Data_2025!$T:$T) -> 1816397.5 | D43: =IF(B43=0,"",C43/B43) -> 1772.0951 | E43: =IF($C$2=0,"",C43/$C$2) -> 0.13514433 | F43: =_xludf.RANK.EQ(C43,$C$41:$C$54,0) -> #NAME? | H43: 3 | I43: =INDEX($A$41:$A$54,MATCH(H43,$F$41:$F$54,0)) -> #N/A | J43: =LARGE($C$41:$C$54,H43) -> 1816397.5
A44: سارة | B44: =COUNTIF(Data_2025!$G:$G,A44) -> 1235 | C44: =SUMIF(Data_2025!$G:$G,A44,Data_2025!$T:$T) -> 1779863 | D44: =IF(B44=0,"",C44/B44) -> 1441.1846 | E44: =IF($C$2=0,"",C44/$C$2) -> 0.13242608 | F44: =_xludf.RANK.EQ(C44,$C$41:$C$54,0) -> #NAME? | H44: 4 | I44: =INDEX($A$41:$A$54,MATCH(H44,$F$41:$F$54,0)) -> #N/A | J44: =LARGE($C$41:$C$54,H44) -> 1779863
A45: سهيلة | B45: =COUNTIF(Data_2025!$G:$G,A45) -> 606 | C45: =SUMIF(Data_2025!$G:$G,A45,Data_2025!$T:$T) -> 1014093 | D45: =IF(B45=0,"",C45/B45) -> 1673.4208 | E45: =IF($C$2=0,"",C45/$C$2) -> 0.075450954 | F45: =_xludf.RANK.EQ(C45,$C$41:$C$54,0) -> #NAME? | H45: 5 | I45: =INDEX($A$41:$A$54,MATCH(H45,$F$41:$F$54,0)) -> #N/A | J45: =LARGE($C$41:$C$54,H45) -> 1014093
A46: نورا | B46: =COUNTIF(Data_2025!$G:$G,A46) -> 366 | C46: =SUMIF(Data_2025!$G:$G,A46,Data_2025!$T:$T) -> 542500 | D46: =IF(B46=0,"",C46/B46) -> 1482.2404 | E46: =IF($C$2=0,"",C46/$C$2) -> 0.040363302 | F46: =_xludf.RANK.EQ(C46,$C$41:$C$54,0) -> #NAME?
A47: الاء | B47: =COUNTIF(Data_2025!$G:$G,A47) -> 42 | C47: =SUMIF(Data_2025!$G:$G,A47,Data_2025!$T:$T) -> 103860 | D47: =IF(B47=0,"",C47/B47) -> 2472.8571 | E47: =IF($C$2=0,"",C47/$C$2) -> 0.0077274334 | F47: =_xludf.RANK.EQ(C47,$C$41:$C$54,0) -> #NAME?
A48: هويدا | B48: =COUNTIF(Data_2025!$G:$G,A48) -> 19 | C48: =SUMIF(Data_2025!$G:$G,A48,Data_2025!$T:$T) -> 41464 | D48: =IF(B48=0,"",C48/B48) -> 2182.3158 | E48: =IF($C$2=0,"",C48/$C$2) -> 0.0030850211 | F48: =_xludf.RANK.EQ(C48,$C$41:$C$54,0) -> #NAME?
A49: نعام العاصمة | B49: =COUNTIF(Data_2025!$G:$G,A49) -> 1 | C49: =SUMIF(Data_2025!$G:$G,A49,Data_2025!$T:$T) -> 31675 | D49: =IF(B49=0,"",C49/B49) -> 31675 | E49: =IF($C$2=0,"",C49/$C$2) -> 0.002356696 | F49: =_xludf.RANK.EQ(C49,$C$41:$C$54,0) -> #NAME?
A50: آيه أ احمد | B50: =COUNTIF(Data_2025!$G:$G,A50) -> 3 | C50: =SUMIF(Data_2025!$G:$G,A50,Data_2025!$T:$T) -> 5310 | D50: =IF(B50=0,"",C50/B50) -> 1770 | E50: =IF($C$2=0,"",C50/$C$2) -> 0.00039507675 | F50: =_xludf.RANK.EQ(C50,$C$41:$C$54,0) -> #NAME?
A51: شركة الشحن | B51: =COUNTIF(Data_2025!$G:$G,A51) -> 5 | C51: =SUMIF(Data_2025!$G:$G,A51,Data_2025!$T:$T) -> 5280 | D51: =IF(B51=0,"",C51/B51) -> 1056 | E51: =IF($C$2=0,"",C51/$C$2) -> 0.00039284468 | F51: =_xludf.RANK.EQ(C51,$C$41:$C$54,0) -> #NAME?
A52: آيه السيد الجمل | B52: =COUNTIF(Data_2025!$G:$G,A52) -> 1 | C52: =SUMIF(Data_2025!$G:$G,A52,Data_2025!$T:$T) -> 920 | D52: =IF(B52=0,"",C52/B52) -> 920 | E52: =IF($C$2=0,"",C52/$C$2) -> 6.8450209e-05 | F52: =_xludf.RANK.EQ(C52,$C$41:$C$54,0) -> #NAME?
A53: آيه ا احمد | B53: =COUNTIF(Data_2025!$G:$G,A53) -> 1 | C53: =SUMIF(Data_2025!$G:$G,A53,Data_2025!$T:$T) -> 0 | D53: =IF(B53=0,"",C53/B53) -> 0 | E53: =IF($C$2=0,"",C53/$C$2) -> 0 | F53: =_xludf.RANK.EQ(C53,$C$41:$C$54,0) -> #NAME?
A54: ايه أ أحمد | B54: =COUNTIF(Data_2025!$G:$G,A54) -> 1 | C54: =SUMIF(Data_2025!$G:$G,A54,Data_2025!$T:$T) -> 0 | D54: =IF(B54=0,"",C54/B54) -> 0 | E54: =IF($C$2=0,"",C54/$C$2) -> 0 | F54: =_xludf.RANK.EQ(C54,$C$41:$C$54,0) -> #NAME?

Sheet Products
A1: تحليل المنتجات | Product Mix (Qty)
B2: Total Orders | C2: =COUNTA(Data_2025!$A:$A)-1 -> 7995
A3: Product | B3: Total Qty | C3: Orders With Product | D3: % of Orders | E3: Avg Qty / Product Order | F3: Rank | H3: Rank | I3: Product | J3: Total Qty | K3: Orders
A4: اللحم | B4: =SUM(Data_2025!$Z:$Z) -> 11185 | C4: =COUNTIF(Data_2025!$Z:$Z,">0") -> 4256 | D4: =IF($C$2=0,"",C4/$C$2) -> 0.53233271 | E4: =IF(C4=0,"",B4/C4) -> 2.6280545 | F4: =_xludf.RANK.EQ(B4,$B$4:$B$39,0) -> #NAME? | H4: 1 | I4: =INDEX($A$4:$A$39,MATCH(H4,$F$4:$F$39,0)) -> #N/A | J4: =LARGE($B$4:$B$39,H4) -> 15489 | K4: =INDEX($C$4:$C$39,MATCH(H4,$F$4:$F$39,0)) -> #N/A
A5: الاستيك | B5: =SUM(Data_2025!$AA:$AA) -> 5668 | C5: =COUNTIF(Data_2025!$AA:$AA,">0") -> 2858 | D5: =IF($C$2=0,"",C5/$C$2) -> 0.35747342 | E5: =IF(C5=0,"",B5/C5) -> 1.983205 | F5: =_xludf.RANK.EQ(B5,$B$4:$B$39,0) -> #NAME? | H5: 2 | I5: =INDEX($A$4:$A$39,MATCH(H5,$F$4:$F$39,0)) -> #N/A | J5: =LARGE($B$4:$B$39,H5) -> 11185 | K5: =INDEX($C$4:$C$39,MATCH(H5,$F$4:$F$39,0)) -> #N/A
A6: الموزه | B6: =SUM(Data_2025!$AB:$AB) -> 4388 | C6: =COUNTIF(Data_2025!$AB:$AB,">0") -> 2072 | D6: =IF($C$2=0,"",C6/$C$2) -> 0.25916198 | E6: =IF(C6=0,"",B6/C6) -> 2.1177606 | F6: =_xludf.RANK.EQ(B6,$B$4:$B$39,0) -> #NAME? | H6: 3 | I6: =INDEX($A$4:$A$39,MATCH(H6,$F$4:$F$39,0)) -> #N/A | J6: =LARGE($B$4:$B$39,H6) -> 7259 | K6: =INDEX($C$4:$C$39,MATCH(H6,$F$4:$F$39,0)) -> #N/A
A7: الفراشه | B7: =SUM(Data_2025!$AC:$AC) -> 656 | C7: =COUNTIF(Data_2025!$AC:$AC,">0") -> 285 | D7: =IF($C$2=0,"",C7/$C$2) -> 0.03564728 | E7: =IF(C7=0,"",B7/C7) -> 2.3017544 | F7: =_xludf.RANK.EQ(B7,$B$4:$B$39,0) -> #NAME? | H7: 4 | I7: =INDEX($A$4:$A$39,MATCH(H7,$F$4:$F$39,0)) -> #N/A | J7: =LARGE($B$4:$B$39,H7) -> 7054 | K7: =INDEX($C$4:$C$39,MATCH(H7,$F$4:$F$39,0)) -> #N/A
A8: قطعية الدبوس | B8: =SUM(Data_2025!$AD:$AD) -> 1207 | C8: =COUNTIF(Data_2025!$AD:$AD,">0") -> 538 | D8: =IF($C$2=0,"",C8/$C$2) -> 0.067292058 | E8: =IF(C8=0,"",B8/C8) -> 2.2434944 | F8: =_xludf.RANK.EQ(B8,$B$4:$B$39,0) -> #NAME? | H8: 5 | I8: =INDEX($A$4:$A$39,MATCH(H8,$F$4:$F$39,0)) -> #N/A | J8: =LARGE($B$4:$B$39,H8) -> 6780 | K8: =INDEX($C$4:$C$39,MATCH(H8,$F$4:$F$39,0)) -> #N/A
A9: قطعية التريبيانكو | B9: =SUM(Data_2025!$AE:$AE) -> 982 | C9: =COUNTIF(Data_2025!$AE:$AE,">0") -> 359 | D9: =IF($C$2=0,"",C9/$C$2) -> 0.044903064 | E9: =IF(C9=0,"",B9/C9) -> 2.735376 | F9: =_xludf.RANK.EQ(B9,$B$4:$B$39,0) -> #NAME? | H9: 6 | I9: =INDEX($A$4:$A$39,MATCH(H9,$F$4:$F$39,0)) -> #N/A | J9: =LARGE($B$4:$B$39,H9) -> 6630 | K9: =INDEX($C$4:$C$39,MATCH(H9,$F$4:$F$39,0)) -> #N/A
A10: قطعية الاسكلوب | B10: =SUM(Data_2025!$AF:$AF) -> 750 | C10: =COUNTIF(Data_2025!$AF:$AF,">0") -> 274 | D10: =IF($C$2=0,"",C10/$C$2) -> 0.03427142 | E10: =IF(C10=0,"",B10/C10) -> 2.7372263 | F10: =_xludf.RANK.EQ(B10,$B$4:$B$39,0) -> #NAME? | H10: 7 | I10: =INDEX($A$4:$A$39,MATCH(H10,$F$4:$F$39,0)) -> #N/A | J10: =LARGE($B$4:$B$39,H10) -> 5668 | K10: =INDEX($C$4:$C$39,MATCH(H10,$F$4:$F$39,0)) -> #N/A
A11: ميت رول | B11: =SUM(Data_2025!$AG:$AG) -> 176 | C11: =COUNTIF(Data_2025!$AG:$AG,">0") -> 77 | D11: =IF($C$2=0,"",C11/$C$2) -> 0.0096310194 | E11: =IF(C11=0,"",B11/C11) -> 2.2857143 | F11: =_xludf.RANK.EQ(B11,$B$4:$B$39,0) -> #NAME? | H11: 8 | I11: =INDEX($A$4:$A$39,MATCH(H11,$F$4:$F$39,0)) -> #N/A | J11: =LARGE($B$4:$B$39,H11) -> 4388 | K11: =INDEX($C$4:$C$39,MATCH(H11,$F$4:$F$39,0)) -> #N/A
A12: الكبده | B12: =SUM(Data_2025!$AH:$AH) -> 1840.335 | C12: =COUNTIF(Data_2025!$AH:$AH,">0") -> 1012 | D12: =IF($C$2=0,"",C12/$C$2) -> 0.12657911 | E12: =IF(C12=0,"",B12/C12) -> 1.8185128 | F12: =_xludf.RANK.EQ(B12,$B$4:$B$39,0) -> #NAME? | H12: 9 | I12: =INDEX($A$4:$A$39,MATCH(H12,$F$4:$F$39,0)) -> #N/A | J12: =LARGE($B$4:$B$39,H12) -> 4363 | K12: =INDEX($C$4:$C$39,MATCH(H12,$F$4:$F$39,0)) -> #N/A
A13: القلب | B13: =SUM(Data_2025!$AI:$AI) -> 1866 | C13: =COUNTIF(Data_2025!$AI:$AI,">0") -> 574 | D13: =IF($C$2=0,"",C13/$C$2) -> 0.071794872 | E13: =IF(C13=0,"",B13/C13) -> 3.2508711 | F13: =_xludf.RANK.EQ(B13,$B$4:$B$39,0) -> #NAME? | H13: 10 | I13: =INDEX($A$4:$A$39,MATCH(H13,$F$4:$F$39,0)) -> #N/A | J13: =LARGE($B$4:$B$39,H13) -> 2903 | K13: =INDEX($C$4:$C$39,MATCH(H13,$F$4:$F$39,0)) -> #N/A
A14: القوانص | B14: =SUM(Data_2025!$AJ:$AJ) -> 2181 | C14: =COUNTIF(Data_2025!$AJ:$AJ,">0") -> 790 | D14: =IF($C$2=0,"",C14/$C$2) -> 0.098811757 | E14: =IF(C14=0,"",B14/C14) -> 2.7607595 | F14: =_xludf.RANK.EQ(B14,$B$4:$B$39,0) -> #NAME?
A15: الرقاب | B15: =SUM(Data_2025!$AK:$AK) -> 4363 | C15: =COUNTIF(Data_2025!$AK:$AK,">0") -> 1866 | D15: =IF($C$2=0,"",C15/$C$2) -> 0.23339587 | E15: =IF(C15=0,"",B15/C15) -> 2.3381565 | F15: =_xludf.RANK.EQ(B15,$B$4:$B$39,0) -> #NAME?
A16: الدهن | B16: =SUM(Data_2025!$AL:$AL) -> 2109 | C16: =COUNTIF(Data_2025!$AL:$AL,">0") -> 316 | D16: =IF($C$2=0,"",C16/$C$2) -> 0.039524703 | E16: =IF(C16=0,"",B16/C16) -> 6.6740506 | F16: =_xludf.RANK.EQ(B16,$B$4:$B$39,0) -> #NAME?
A17: الكوارع | B17: =SUM(Data_2025!$AM:$AM) -> 1324 | C17: =COUNTIF(Data_2025!$AM:$AM,">0") -> 628 | D17: =IF($C$2=0,"",C17/$C$2) -> 0.078549093 | E17: =IF(C17=0,"",B17/C17) -> 2.1082803 | F17: =_xludf.RANK.EQ(B17,$B$4:$B$39,0) -> #NAME?
A18: كفتة | B18: =SUM(Data_2025!$AN:$AN) -> 7054 | C18: =COUNTIF(Data_2025!$AN:$AN,">0") -> 3473 | D18: =IF($C$2=0,"",C18/$C$2) -> 0.4343965 | E18: =IF(C18=0,"",B18/C18) -> 2.031097 | F18: =_xludf.RANK.EQ(B18,$B$4:$B$39,0) -> #NAME?
A19: سجق | B19: =SUM(Data_2025!$AO:$AO) -> 6780 | C19: =COUNTIF(Data_2025!$AO:$AO,">0") -> 3366 | D19: =IF($C$2=0,"",C19/$C$2) -> 0.42101313 | E19: =IF(C19=0,"",B19/C19) -> 2.0142602 | F19: =_xludf.RANK.EQ(B19,$B$4:$B$39,0) -> #NAME?
A20: برجر | B20: =SUM(Data_2025!$AP:$AP) -> 7259 | C20: =COUNTIF(Data_2025!$AP:$AP,">0") -> 3396 | D20: =IF($C$2=0,"",C20/$C$2) -> 0.42476548 | E20: =IF(C20=0,"",B20/C20) -> 2.1375147 | F20: =_xludf.RANK.EQ(B20,$B$4:$B$39,0) -> #NAME?
A21: لانشون سادة | B21: =SUM(Data_2025!$AQ:$AQ) -> 911 | C21: =COUNTIF(Data_2025!$AQ:$AQ,">0") -> 404 | D21: =IF($C$2=0,"",C21/$C$2) -> 0.050531582 | E21: =IF(C21=0,"",B21/C21) -> 2.2549505 | F21: =_xludf.RANK.EQ(B21,$B$4:$B$39,0) -> #NAME?
A22: لانشون بالفلفل الاسود | B22: =SUM(Data_2025!$AR:$AR) -> 2 | C22: =COUNTIF(Data_2025!$AR:$AR,">0") -> 1 | D22: =IF($C$2=0,"",C22/$C$2) -> 0.00012507817 | E22: =IF(C22=0,"",B22/C22) -> 2 | F22: =_xludf.RANK.EQ(B22,$B$4:$B$39,0) -> #NAME?
A23: لانشون ببروني | B23: =SUM(Data_2025!$AS:$AS) -> 6 | C23: =COUNTIF(Data_2025!$AS:$AS,">0") -> 1 | D23: =IF($C$2=0,"",C23/$C$2) -> 0.00012507817 | E23: =IF(C23=0,"",B23/C23) -> 6 | F23: =_xludf.RANK.EQ(B23,$B$4:$B$39,0) -> #NAME?
A24: مفروم حواوشي | B24: =SUM(Data_2025!$AT:$AT) -> 6630 | C24: =COUNTIF(Data_2025!$AT:$AT,">0") -> 3431 | D24: =IF($C$2=0,"",C24/$C$2) -> 0.42914321 | E24: =IF(C24=0,"",B24/C24) -> 1.9323812 | F24: =_xludf.RANK.EQ(B24,$B$4:$B$39,0) -> #NAME?
A25: مفروم | B25: =SUM(Data_2025!$AU:$AU) -> 2783 | C25: =COUNTIF(Data_2025!$AU:$AU,">0") -> 1311 | D25: =IF($C$2=0,"",C25/$C$2) -> 0.16397749 | E25: =IF(C25=0,"",B25/C25) -> 2.122807 | F25: =_xludf.RANK.EQ(B25,$B$4:$B$39,0) -> #NAME?
A26: كريم المفاصل | B26: =SUM(Data_2025!$AV:$AV) -> 0 | C26: =COUNTIF(Data_2025!$AV:$AV,">0") -> 0 | D26: =IF($C$2=0,"",C26/$C$2) -> 0 | E26: =IF(C26=0,"",B26/C26) | F26: =_xludf.RANK.EQ(B26,$B$4:$B$39,0) -> #NAME?
A27: زيت الشعر ( سيدات ) | B27: =SUM(Data_2025!$AW:$AW) -> 0 | C27: =COUNTIF(Data_2025!$AW:$AW,">0") -> 0 | D27: =IF($C$2=0,"",C27/$C$2) -> 0 | E27: =IF(C27=0,"",B27/C27) | F27: =_xludf.RANK.EQ(B27,$B$4:$B$39,0) -> #NAME?
A28: كريم الشعر ( رجال ) | B28: =SUM(Data_2025!$AX:$AX) -> 2 | C28: =COUNTIF(Data_2025!$AX:$AX,">0") -> 1 | D28: =IF($C$2=0,"",C28/$C$2) -> 0.00012507817 | E28: =IF(C28=0,"",B28/C28) -> 2 | F28: =_xludf.RANK.EQ(B28,$B$4:$B$39,0) -> #NAME?
A29: كريم للبشرة | B29: =SUM(Data_2025!$AY:$AY) -> 15489 | C29: =COUNTIF(Data_2025!$AY:$AY,">0") -> 2 | D29: =IF($C$2=0,"",C29/$C$2) -> 0.00025015635 | E29: =IF(C29=0,"",B29/C29) -> 7744.5 | F29: =_xludf.RANK.EQ(B29,$B$4:$B$39,0) -> #NAME?
A30: لحم غزال | B30: =SUM(Data_2025!$AZ:$AZ) -> 0 | C30: =COUNTIF(Data_2025!$AZ:$AZ,">0") -> 0 | D30: =IF($C$2=0,"",C30/$C$2) -> 0 | E30: =IF(C30=0,"",B30/C30) | F30: =_xludf.RANK.EQ(B30,$B$4:$B$39,0) -> #NAME?
A31: شاورما | B31: =SUM(Data_2025!$BA:$BA) -> 2903 | C31: =COUNTIF(Data_2025!$BA:$BA,">0") -> 1897 | D31: =IF($C$2=0,"",C31/$C$2) -> 0.2372733 | E31: =IF(C31=0,"",B31/C31) -> 1.530311 | F31: =_xludf.RANK.EQ(B31,$B$4:$B$39,0) -> #NAME?
A32: كباب | B32: =SUM(Data_2025!$BB:$BB) -> 257 | C32: =COUNTIF(Data_2025!$BB:$BB,">0") -> 135 | D32: =IF($C$2=0,"",C32/$C$2) -> 0.016885553 | E32: =IF(C32=0,"",B32/C32) -> 1.9037037 | F32: =_xludf.RANK.EQ(B32,$B$4:$B$39,0) -> #NAME?
A33: شيش | B33: =SUM(Data_2025!$BC:$BC) -> 800 | C33: =COUNTIF(Data_2025!$BC:$BC,">0") -> 567 | D33: =IF($C$2=0,"",C33/$C$2) -> 0.070919325 | E33: =IF(C33=0,"",B33/C33) -> 1.4109347 | F33: =_xludf.RANK.EQ(B33,$B$4:$B$39,0) -> #NAME?
A34: ممبار | B34: =SUM(Data_2025!$BD:$BD) -> 9 | C34: =COUNTIF(Data_2025!$BD:$BD,">0") -> 3 | D34: =IF($C$2=0,"",C34/$C$2) -> 0.00037523452 | E34: =IF(C34=0,"",B34/C34) -> 3 | F34: =_xludf.RANK.EQ(B34,$B$4:$B$39,0) -> #NAME?
A35: كفتة أرز | B35: =SUM(Data_2025!$BE:$BE) -> 21 | C35: =COUNTIF(Data_2025!$BE:$BE,">0") -> 10 | D35: =IF($C$2=0,"",C35/$C$2) -> 0.0012507817 | E35: =IF(C35=0,"",B35/C35) -> 2.1 | F35: =_xludf.RANK.EQ(B35,$B$4:$B$39,0) -> #NAME?
A36: بيض | B36: =SUM(Data_2025!$BF:$BF) -> 41 | C36: =COUNTIF(Data_2025!$BF:$BF,">0") -> 27 | D36: =IF($C$2=0,"",C36/$C$2) -> 0.0033771107 | E36: =IF(C36=0,"",B36/C36) -> 1.5185185 | F36: =_xludf.RANK.EQ(B36,$B$4:$B$39,0) -> #NAME?
A37: دبوس 7 كيلو | B37: =SUM(Data_2025!$BG:$BG) -> 155 | C37: =COUNTIF(Data_2025!$BG:$BG,">0") -> 141 | D37: =IF($C$2=0,"",C37/$C$2) -> 0.017636023 | E37: =IF(C37=0,"",B37/C37) -> 1.0992908 | F37: =_xludf.RANK.EQ(B37,$B$4:$B$39,0) -> #NAME?
A38: طرب | B38: =SUM(Data_2025!$BH:$BH) -> 177 | C38: =COUNTIF(Data_2025!$BH:$BH,">0") -> 88 | D38: =IF($C$2=0,"",C38/$C$2) -> 0.011006879 | E38: =IF(C38=0,"",B38/C38) -> 2.0113636 | F38: =_xludf.RANK.EQ(B38,$B$4:$B$39,0) -> #NAME?
A39: برجر بالجبنة | B39: =SUM(Data_2025!$BI:$BI) -> 10 | C39: =COUNTIF(Data_2025!$BI:$BI,">0") -> 4 | D39: =IF($C$2=0,"",C39/$C$2) -> 0.0005003127 | E39: =IF(C39=0,"",B39/C39) -> 2.5 | F39: =_xludf.RANK.EQ(B39,$B$4:$B$39,0) -> #NAME?

Sheet Data_Quality
A1: جودة البيانات | Data Quality & Exceptions
A2: Key Checks | D2: Top Repeat Customers (by Phone)
A3: Total Orders | B3: 7995 | D3: Customer Phone | E3: Orders
A4: Total Sales (EGP) | B4: 13440426 | D4: 01091348942 | E4: 9
A5: Missing/Invalid Timestamp | B5: 1 | D5: 01093308208 | E5: 9
A6: Timestamp Month ≠ Sheet Month | B6: 31 | D6: 1005305500 | E6: 8
A7: Product Qty Outliers > 100 | B7: 15 | D7: 01554027727 | E7: 8
A8: Orders with Big Item only (no qty) | B8: 179 | D8: 01111247283 | E8: 7
D9: 01061586791 | E9: 6
D10: 01098451177 | E10: 6
D11: 01099386139 | E11: 6
D12: 01222600972 | E12: 5
D13: 01221873076 | E13: 5
D14: 01143410961 | E14: 5
D15: 01068944454 | E15: 5
D16: 01550871870 | E16: 5
D17: 01281551136 | E17: 5
D18: 01000738858 | E18: 4
D19: 01022333949 | E19: 4
D20: 01033700293 | E20: 4
... D23: 01005537691 | E23: 4
A26: Exceptions (sample)
A27: Issue | B27: OrderID | C27: MonthNo | D27: OrderDateTime | E27: Customer Name | F27: Customer Phone | G27: Governorate | H27: Shipping | I27: OrderValue | J27: TotalItems | K27: BigItem_Desc | L27: SheetName | M27: SourceRow | N27: OutlierProduct | O27: OutlierValue
A28: Missing/Invalid Timestamp | B28: 459 | C28: 2 | E28: محمد حمدى | F28: 1201286017 | G28: كفر الشيخ | H28: مندوب خاص | I28: 2450 | J28: 19 | K28: nan | L28: فبراير 2025 | M28: 65
A29: Timestamp Month ≠ Sheet Month | B29: 3 | C29: 12 | D29: 46021 | E29: اوردر الفخده | F29: 1002838784 | G29: القاهرة | H29: مندوب خاص | I29: 14430 | J29: 0 | K29: فخدتين | nan | L29: يناير 2025 | M29: 4
A30: Timestamp Month ≠ Sheet Month | B30: 451 | C30: 3 | D30: 45717.037 | E30: محمد علي | F30: 01001500624 | G30: الجيزة | H30: زودكس | I30: 1550 | J30: 6 | K30: nan | L30: فبراير 2025 | M30: 57
A31: Timestamp Month ≠ Sheet Month | B31: 675 | C31: 3 | D31: 45717.017 | E31: عبير إبراهيم | F31: 01118181087 | G31: القاهرة | H31: زودكس | I31: 2230 | J31: 18 | K31: nan | L31: فبراير 2025 | M31: 281
A32: Timestamp Month ≠ Sheet Month | B32: 676 | C32: 3 | D32: 45717.028 | E32: محمود صلاح | F32: 01092888588 | G32: القاهرة | H32: زودكس | I32: 1305 | J32: 6 | K32: nan | L32: فبراير 2025 | M32: 282
A33: Timestamp Month ≠ Sheet Month | B33: 677 | C33: 3 | D33: 45717.03 | E33: دارا سمير محمد | F33: 01033773343 | G33: القاهرة | H33: زودكس | I33: 1360 | J33: 6 | K33: nan | L33: فبراير 2025 | M33: 283
A34: Timestamp Month ≠ Sheet Month | B34: 678 | C34: 3 | D34: 45717.062 | E34: صفاء فوزي | F34: 1220802055 | G34: الغربية | H34: مندوب خاص | I34: 1550 | J34: 12 | K34: nan | L34: فبراير 2025 | M34: 284
A35: Timestamp Month ≠ Sheet Month | B35: 1227 | C35: 3 | D35: 45717.058 | E35: يوسف احمد | F35: 01110179737 | G35: الغربية | H35: مندوب خاص | I35: 735 | J35: 3 | K35: nan | L35: فبراير 2025 | M35: 834
A36: Timestamp Month ≠ Sheet Month | B36: 1558 | C36: 4 | D36: 45748.047 | E36: بيشوي القس هدرا | F36: 1015793157 | G36: الدقهلية | H36: مندوب خاص | I36: 5205 | J36: 17 | K36: دبوس 7 كيلو | nan | L36: مارس 2025 | M36: 332
A37: Timestamp Month ≠ Sheet Month | B37: 3131 | C37: 6 | D37: 45838.649 | E37: محمود توفيق | F37: 01005763417 | G37: الغربية | H37: مندوب من المزرعة | I37: 2195 | J37: 12 | K37: nan | L37: يوليو2025 | M37: 2
A38: Timestamp Month ≠ Sheet Month | B38: 3132 | C38: 6 | D38: 45838.651 | E38: محمود عبدالموالي | F38: 01031033623 | G38: الدقهلية | H38: مندوب خاص | I38: 2450 | J38: 0 | K38: دبوس ٧ كيلو | nan | L38: يوليو2025 | M38: 3
A39: Timestamp Month ≠ Sheet Month | B39: 3133 | C39: 6 | D39: 45838.653 | E39: عبدالمنصف التركي | F39: 01003994187 | G39: الإسكندرية | H39: مندوب خاص | I39: 1880 | J39: 8 | K39: nan | L39: يوليو2025 | M39: 4
A40: Timestamp Month ≠ Sheet Month | B40: 3134 | C40: 6 | D40: 45838.662 | E40: رامي الراوي | F40: 01094452800 | G40: القاهرة | H40: زودكس | I40: 900 | J40: 8 | K40: nan | L40: يوليو2025 | M40: 5
... A59: Timestamp Month ≠ Sheet Month | B59: 7282 | C59: 12 | D59: 45992.11 | E59: تغريد فتحي | F59: 01003640066 | G59: القاهرة | H59: العاصمة | I59: 1000 | J59: 7 | K59: nan | L59: نوفمبر 2025 | M59: 665
A60: Product Qty Outlier > 100 | B60: 40 | C60: 1 | D60: 45659.851 | E60: اسلام | F60: 1005305500 | G60: الإسكندرية | H60: مندوب خاص | I60: 42000 | J60: 200 | K60: nan | L60: يناير 2025 | M60: 41 | N60: اللحم | O60: 200
A61: Product Qty Outlier > 100 | B61: 66 | C61: 1 | D61: 45662.724 | E61: اسلام الشربيني | F61: 1005305500 | G61: الإسكندرية | H61: مندوب خاص | I61: 42000 | J61: 200 | K61: nan | L61: يناير 2025 | M61: 67 | N61: اللحم | O61: 200
A62: Product Qty Outlier > 100 | B62: 144 | C62: 1 | D62: 45667.878 | E62: اسلام الشربيني | F62: 1005305500 | G62: الإسكندرية | H62: مندوب خاص | I62: 47460 | J62: 226 | K62: nan | L62: يناير 2025 | M62: 145 | N62: اللحم | O62: 226
A63: Product Qty Outlier > 100 | B63: 184 | C63: 1 | D63: 45672.679 | E63: اسلام الشربيني | F63: 1005305500 | G63: الإسكندرية | H63: مندوب خاص | I63: 67200 | J63: 320 | K63: nan | L63: يناير 2025 | M63: 185 | N63: اللحم | O63: 320
A64: Product Qty Outlier > 100 | B64: 246 | C64: 1 | D64: 45679.715 | E64: اسلام الشربيني | F64: 1005305500 | G64: الإسكندرية | H64: مندوب خاص | I64: 58800 | J64: 320 | K64: nan | L64: يناير 2025 | M64: 247 | N64: اللحم | O64: 320
A65: Product Qty Outlier > 100 | B65: 302 | C65: 1 | D65: 45686.693 | E65: احمد كمال | F65: 1022119228 | G65: الشرقية | H65: مندوب خاص | I65: 14000 | J65: 15485 | K65: نعامه صندوق 44 كيلو | nan | L65: يناير 2025 | M65: 303 | N65: كريم للبشرة | O65: 15485
A66: Product Qty Outlier > 100 | B66: 307 | C66: 1 | D66: 45686.88 | E66: اسلام الشربيني | F66: 1005305500 | G66: الإسكندرية | H66: مندوب خاص | I66: 42000 | J66: 200 | K66: nan | L66: يناير 2025 | M66: 308 | N66: اللحم | O66: 200
A67: Product Qty Outlier > 100 | B67: 685 | C67: 2 | D67: 45690.628 | E67: اسلام الشربيني | F67: 01005305500 | G67: الإسكندرية | H67: مندوب خاص | I67: 63000 | J67: 300 | K67: nan | L67: فبراير 2025 | M67: 291 | N67: اللحم | O67: 300
A68: Product Qty Outlier > 100 | B68: 750 | C68: 2 | D68: 45695.869 | E68: اسلام الشربيني | F68: 01005305500 | G68: الإسكندرية | H68: مندوب خاص | I68: 42000 | J68: 200 | K68: nan | L68: فبراير 2025 | M68: 356 | N68: اللحم | O68: 200
A69: Product Qty Outlier > 100 | B69: 820 | C69: 2 | D69: 45699.497 | E69: اسلام الشربيني | F69: 1005305500 | G69: الإسكندرية | H69: مندوب خاص | I69: 43680 | J69: 208 | K69: nan | L69: فبراير 2025 | M69: 426 | N69: اللحم | O69: 208
A70: Product Qty Outlier > 100 | B70: 871 | C70: 2 | D70: 45701.792 | E70: اسلام الشربيني | F70: 1005305500 | G70: الإسكندرية | H70: مندوب خاص | I70: 42000 | J70: 200 | K70: nan | L70: فبراير 2025 | M70: 477 | N70: اللحم | O70: 200
A71: Product Qty Outlier > 100 | B71: 1090 | C71: 2 | D71: 45709.772 | E71: اسلام الشربيني | F71: +20 10 05305500 | G71: الإسكندرية | H71: مندوب خاص | I71: 31500 | J71: 150 | K71: nan | L71: فبراير 2025 | M71: 696 | N71: اللحم | O71: 150
... A74: Product Qty Outlier > 100 | B74: 7214 | C74: 11 | D74: 45987.643 | E74: معلم سيد | F74: 01143305080 | G74: المنوفية | H74: مندوب من المزرعة | I74: 24366 | J74: 105 | K74: nan | L74: نوفمبر 2025 | M74: 597 | N74: اللحم | O74: 105
A75: No numeric item qty (Big item described only) | B75: 3 | C75: 12 | D75: 46021 | E75: اوردر الفخده | F75: 1002838784 | G75: القاهرة | H75: مندوب خاص | I75: 14430 | J75: 0 | K75: فخدتين | nan | L75: يناير 2025 | M75: 4
A76: No numeric item qty (Big item described only) | B76: 27 | C76: 1 | D76: 45686.7 | E76: رمضان | F76: 1001320163 | G76: المنوفية | H76: مندوب خاص | I76: 2730 | J76: 0 | K76: دبوس 7ك | nan | L76: يناير 2025 | M76: 28
A77: No numeric item qty (Big item described only) | B77: 106 | C77: 1 | D77: 45665.823 | E77: حاتم | F77: 1114591000 | G77: الدقهلية | H77: استلام من المزرعة | I77: 22200 | J77: 0 | K77: نعامه 60ك | nan | L77: يناير 2025 | M77: 107
A78: No numeric item qty (Big item described only) | B78: 194 | C78: 1 | D78: 45673.898 | E78: محمد النجار | F78: 1019894174 | G78: الغربية | H78: مندوب خاص | I78: 1470 | J78: 0 | K78: nan | L78: يناير 2025 | M78: 195
A79: No numeric item qty (Big item described only) | B79: 513 | C79: 2 | D79: 45705.053 | E79: ياسين | F79: 1003707994 | G79: البحيرة | H79: مندوب خاص | I79: 2370 | J79: 0 | K79: دبوس ٧ك | nan | L79: فبراير 2025 | M79: 119
A80: No numeric item qty (Big item described only) | B80: 540 | C80: 2 | D80: 45709.052 | E80: فيكتور خلف | F80: 01284111439 | G80: القاهرة | H80: زودكس | I80: 1000 | J80: 0 | K80: nan | L80: فبراير 2025 | M80: 146
A81: No numeric item qty (Big item described only) | B81: 592 | C81: 2 | D81: 45713.123 | E81: علي عبد المنعم | F81: 1015156202 | G81: القاهرة | H81: زودكس | I81: 6630 | J81: 0 | K81: فخدة 17 كيلو | nan | L81: فبراير 2025 | M81: 198
A82: No numeric item qty (Big item described only) | B82: 718 | C82: 2 | D82: 45693.91 | E82: عبدالمجيد إبراهيم | F82: 1009516003 | G82: الدقهلية | H82: مندوب خاص | I82: 1070 | J82: 0 | K82: nan | L82: فبراير 2025 | M82: 324
A83: No numeric item qty (Big item described only) | B83: 837 | C83: 2 | D83: 45699.84 | E83: احمد ماهر | F83: 01147073630 | G83: القاهرة | H83: مندوب خاص | I83: 4290 | J83: 0 | K83: فخذه 11 ك | nan | L83: فبراير 2025 | M83: 443
A84: No numeric item qty (Big item described only) | B84: 873 | C84: 2 | D84: 45701.799 | E84: احمد | F84: 01093338557 | G84: القاهرة | H84: زودكس | I84: 2730 | J84: 0 | K84: دبوس 7ك | nan | L84: فبراير 2025 | M84: 479
A85: No numeric item qty (Big item described only) | B85: 896 | C85: 2 | D85: 45703.639 | E85: هاني سعد | F85: 01147711167 | G85: القاهرة | H85: زودكس | I85: 5460 | J85: 0 | K85: 2 دبوس 7ك | nan | L85: فبراير 2025 | M85: 502
A86: No numeric item qty (Big item described only) | B86: 926 | C86: 2 | D86: 45704.789 | E86: تامر سعيد | F86: 01111770580 | G86: القاهرة | H86: زودكس | I86: 2730 | J86: 0 | K86: دبوس 7ك | nan | L86: فبراير 2025 | M86: 532
... A174: No numeric item qty (Big item described only) | B174: 2874 | C174: 6 | D174: 45834.595 | E174: سيد محمد حسن الشريف | F174: 01113733790 | G174: القاهرة | H174: زودكس | I174: 2450 | J174: 0 | K174: دبوس 7ك | nan | L174: يونيه2025 | M174: 41

Sheet Data_2025
A1: OrderID | B1: YearNo | C1: MonthNo | D1: MonthNameAR | E1: OrderDateTime | F1: Moderator | G1: Moderator_Norm | H1: Customer Source | I1: Source_Norm | J1: Shipping Company | K1: Shipping_Norm | L1: Governorate | M1: Governorate_Norm | N1: City/Centre | O1: Page | P1: Customer Name | Q1: Customer Phone | R1: Customer Phone 2 | S1: Address | T1: OrderValue | U1: TotalItems | V1: HasBigItem | W1: BigItem_Desc | X1: SheetName | Y1: SourceRow | Z1: اللحم | AA1: الاستيك | AB1: الموزه | AC1: الفراشه | AD1: قطعية الدبوس | AE1: قطعية التريبيانكو | AF1: قطعية الاسكلوب | AG1: ميت رول | AH1: الكبده | AI1: القلب | AJ1: القوانص | AK1: الرقاب | AL1: الدهن | AM1: الكوارع | AN1: كفتة | AO1: سجق | AP1: برجر | AQ1: لانشون سادة | AR1: لانشون بالفلفل الاسود | AS1: لانشون ببروني | AT1: مفروم حواوشي | AU1: مفروم | AV1: كريم المفاصل | AW1: زيت الشعر ( سيدات ) | AX1: كريم الشعر ( رجال ) | AY1: كريم للبشرة | AZ1: لحم غزال | BA1: شاورما | BB1: كباب | BC1: شيش | BD1: ممبار | BE1: كفتة أرز | BF1: بيض | BG1: دبوس 7 كيلو | BH1: طرب | BI1: برجر بالجبنة
A2: 1 | B2: 2025 | C2: 1 | D2: يناير | E2: 45687.721 | F2: آيه | G2: أية | H2: مكالمة / واتساب | I2: مكالمة / واتساب | J2: مندوب خاص | K2: مندوب خاص | L2: القليوبية | M2: القليوبية | N2: شبرا الخيمه | P2: طارق | Q2: 1288799701 | S2: 11 ش بدوي محمود متفرع من كريستال عصفور | T2: 870 | U2: 4 | V2: 1 | W2: nan | X2: يناير 2025 | Y2: 2 | AA2: 2 | AB2: 2
A3: 2 | B3: 2025 | C3: 1 | D3: يناير | E3: 45688.767 | F3: آيه | G3: أية | H3: مكالمة / واتساب | I3: مكالمة / واتساب | J3: مندوب خاص | K3: مندوب خاص | L3: الشرقية | M3: الشرقية | N3: بلبيس | P3: محمود العتيق | Q3: 1013744343 | R3: 1064557750 | S3: بلبيس | T3: 1120 | U3: 7 | V3: 1 | W3: nan | X3: يناير 2025 | Y3: 3 | Z3: 3 | AH3: 1 | AI3: 1 | AJ3: 2
A4: 3 | B4: 2025 | C4: 12 | D4: ديسمبر | E4: 46021 | F4: رانيا | G4: رانيا | H4: مكالمة / واتساب | I4: مكالمة / واتساب | J4: مندوب خاص | K4: مندوب خاص | L4: القاهرة | M4: القاهرة | N4: حلوان | P4: اوردر الفخده | Q4: 1002838784 | S4: ٦٣ شارع رشدي المعصرة حلوان القاهرة | T4: 14430 | U4: 0 | V4: 1 | W4: فخدتين | nan | X4: يناير 2025 | Y4: 4
A5: 4 | B5: 2025 | C5: 1 | D5: يناير | E5: 45680.857 | F5: رانيا | G5: رانيا | H5: مكالمة / واتساب | I5: مكالمة / واتساب | J5: مندوب خاص | K5: مندوب خاص | L5: البحيرة | M5: البحيرة | N5: كفر الدوار | P5: مينا محب | Q5: 1201761509 | S5: البحيره كفر الدوار صيدليه مينا محب 15 شارع اسماعيل شحاته منطقه بولس امام الضمان الاجتماعي | T5: 180 | U5: 2 | V5: 1 | W5: nan | X5: يناير 2025 | Y5: 5 | AL5: 2
A6: 5 | B6: 2025 | C6: 1 | D6: يناير | E6: 45681.991 | F6: رانيا | G6: رانيا | H6: مكالمة / واتساب | I6: مكالمة / واتساب | J6: مندوب خاص | K6: مندوب خاص | L6: البحيرة | M6: البحيرة | N6: كفر الدوار | P6: الأمير فؤاد غطاس | Q6: 1224127622 | S6: العنوان/ كفر الدوار الحدائق شارع مدرسة الفرنسيسكان برج الكرمة فوق جم فاروس | T6: 100 | U6: 2 | V6: 1 | W6: nan | X6: يناير 2025 | Y6: 6 | AL6: 2
A7: 6 | B7: 2025 | C7: 1 | D7: يناير | E7: 45683.601 | F7: رانيا | G7: رانيا | H7: مكالمة / واتساب | I7: مكالمة / واتساب | J7: مندوب خاص | K7: مندوب خاص | L7: البحيرة | M7: البحيرة | N7: البحيره | P7: زياد مصطفى | Q7: 1060919135 | S7: دمنهور البحيرة خلف النادى الاجتماعى برج اللقانى الدور الخامس اعلى ماركت طيبة | T7: 2085 | U7: 10 | V7: 1 | W7: nan | X7: يناير 2025 | Y7: 7 | AA7: 6 | AP7: 4
A8: 7 | B8: 2025 | C8: 1 | D8: يناير | E8: 45686.713 | F8: آيه | G8: أية | H8: فيسبوك | I8: فيسبوك | J8: مندوب خاص | K8: مندوب خاص | L8: البحيرة | M8: البحيرة | N8: كفر الدوار | P8: محمد سعيد | Q8: 1005511624 | S8: البحيره كفر الدوار | T8: 1090 | U8: 5 | V8: 1 | W8: nan | X8: يناير 2025 | Y8: 8 | Z8: 4 | AB8: 1
A9: 8 | B9: 2025 | C9: 1 | D9: يناير | E9: 45683.008 | F9: سهيله | G9: سهيلة | H9: فيسبوك | I9: فيسبوك | J9: زودكس | K9: زودكس | L9: القاهرة | M9: القاهرة | N9: القاهرة | P9: زياد حسام | Q9: 1156666757 | S9: المعادى ٤٥ عمارات النخيل ، مدخل شمال الدور الاول شقه ٦ | T9: 435 | U9: 2 | V9: 1 | W9: nan | X9: يناير 2025 | Y9: 9 | Z9: 2
A10: 9 | B10: 2025 | C10: 1 | D10: يناير | E10: 45685.948 | F10: سهيله | G10: سهيلة | H10: فيسبوك | I10: فيسبوك | J10: زودكس | K10: زودكس | L10: القاهرة | M10: القاهرة | N10: القاهرة | P10: أنس صابر | Q10: 1026523546 | R10: 1111014901 | S10: مدينة الضباط المستقبل أمام أكوا بارك قطاع اليو عمارة ٤٥٦ شقة 12 أمام سوبر ماركت القاسم | T10: 5377 | U10: 29 | V10: 1 | W10: nan | X10: يناير 2025 | Y10: 10 | AA10: 6 | AE10: 6 | AF10: 5 | AH10: 6 | AJ10: 6
A11: 10 | B11: 2025 | C11: 1 | D11: يناير | E11: 45686.981 | F11: سهيله | G11: سهيلة | H11: فيسبوك | I11: فيسبوك | J11: زودكس | K11: زودكس | L11: القاهرة | M11: القاهرة | N11: القاهرة | P11: محمود الجمل | Q11: 1004123434 | S11: ٤ش رشاد عبد الهادي دارالسلام بجوار التوحيد والنور القاهره | T11: 870 | U11: 4 | V11: 1 | W11: nan | X11: يناير 2025 | Y11: 11 | AB11: 2 | AD11: 2
A12: 11 | B12: 2025 | C12: 1 | D12: يناير | E12: 45687.698 | F12: آيه | G12: أية | H12: مكالمة / واتساب | I12: مكالمة / واتساب | J12: زودكس | K12: زودكس | L12: القاهرة | M12: القاهرة | N12: الهضبه الوسطى | P12: ماجد | Q12: 1015015395 | R12: 1206461771 | S12: كمبوند النخيل دائري المعادي بجوار وان قطاميه ميدان محمد زكي عماره47مدخل شمال الدور6شقه9القاهره الهضبه الوسطي | T12: 2300 | U12: 12 | V12: 1 | W12: nan | X12: يناير 2025 | Y12: 12 | Z12: 4 | AA12: 2 | AC12: 2 | AU12: 4
A13: 12 | B13: 2025 | C13: 1 | D13: يناير | E13: 45676.917 | F13: سهيله | G13: سهيلة | H13: فيسبوك | I13: فيسبوك | J13: مندوب خاص | K13: مندوب خاص | L13: دمياط | M13: دمياط | N13: دمياط الجديده | P13: عبدالمجيد | Q13: 1556008887 | S13: دمياط الجديده دار مصر ٢ عماره ١٥١ شقه ٥ | T13: 1500 | U13: 10 | V13: 1 | W13: nan | X13: يناير 2025 | Y13: 13 | AH13: 10
A14: 13 | B14: 2025 | C14: 1 | D14: يناير | E14: 45682.969 | F14: آيه | G14: أية | H14: مكالمة / واتساب | I14: مكالمة / واتساب | J14: مندوب خاص | K14: مندوب خاص | L14: القليوبية | M14: القليوبية | N14: طوخ | P14: ممدوح | Q14: 1006119440 | S14: العمار بنها طوخ | T14: 5150 | U14: 30 | V14: 1 | W14: nan | X14: يناير 2025 | Y14: 14 | AB14: 10 | AE14: 10 | AM14: 10
A15: 14 | B15: 2025 | C15: 1 | D15: يناير | E15: 45683.616 | F15: رانيا | G15: رانيا | H15: مكالمة / واتساب | I15: مكالمة / واتساب | J15: زودكس | K15: زودكس | L15: البحيرة | M15: البحيرة | N15: كوم حماده | P15: محمد ابراهيم عليوه | Q15: 1140399489 | R15: 1201050341 | S15: البحيرة - مركز كوم حماده - قرية شبرا اوسيم | T15: 870 | U15: 4 | V15: 1 | W15: nan | X15: يناير 2025 | Y15: 15 | Z15: 4
A16: 15 | B16: 2025 | C16: 1 | D16: يناير | E16: 45685.8 | F16: رانيا | G16: رانيا | H16: مكالمة / واتساب | I16: مكالمة / واتساب | J16: مندوب خاص | K16: مندوب خاص | L16: الغربية | M16: الغربية | N16: المحله الكبري | P16: محمود عبد العزيز | Q16: 1141398778 | S16: العنوان شبشير الحصة طريق طنطا المحلة الكبرى الكيلو ٩ على الطريق | T16: 1650 | U16: 10 | V16: 1 | W16: nan | X16: يناير 2025 | Y16: 16 | AD16: 4 | AI16: 2 | AP16: 4
A17: 16 | B17: 2025 | C17: 1 | D17: يناير | E17: 45685.924 | F17: سهيله | G17: سهيلة | H17: فيسبوك | I17: فيسبوك | J17: مندوب خاص | K17: مندوب خاص | L17: الغربية | M17: الغربية | N17: المحله الكبرى | P17: محمود علي عبدالله | Q17: 1110787627 | S17: المحله الكبرى سكه زفتي العمومي اعلي مطعم فلفله الدور الثاني | T17: 1890 | U17: 12 | V17: 1 | W17: nan | X17: يناير 2025 | Y17: 17 | AA17: 1 | AB17: 1 | AD17: 1 | AE17: 1 | AF17: 1 | AH17: 1 | AN17: 2 | AO17: 2 | AP17: 2
A18: 17 | B18: 2025 | C18: 1 | D18: يناير | E18: 45686.944 | F18: سهيله | G18: سهيلة | H18: فيسبوك | I18: فيسبوك | J18: مندوب خاص | K18: مندوب خاص | L18: الشرقية | M18: الشرقية | N18: الشرقيه | P18: ثروت الشرقاوي | Q18: 1006020654 | S18: فاقوس شرقيه خلف المعهد الديني | T18: 1305 | U18: 6 | V18: 1 | W18: nan | X18: يناير 2025 | Y18: 18 | AB18: 2 | AC18: 2 | AE18: 2
A19: 18 | B19: 2025 | C19: 1 | D19: يناير | E19: 45687.912 | F19: رانيا | G19: رانيا | H19: مكالمة / واتساب | I19: مكالمة / واتساب | J19: مندوب خاص | K19: مندوب خاص | L19: الدقهلية | M19: الدقهلية | N19: اجا | P19: محمود مصطفى | Q19: 1060505714 | S19: العنوان قريه نوسا البحر مركز اجا الدقهلية | T19: 3999 | U19: 18 | V19: 1 | W19: nan | X19: يناير 2025 | Y19: 19 | AA19: 4 | AB19: 4 | AH19: 2 | AI19: 2 | AL19: 2 | AO19: 2 | AP19: 2
A20: 19 | B20: 2025 | C20: 1 | D20: يناير | E20: 45668.753 | F20: رانيا | G20: رانيا | H20: مكالمة / واتساب | I20: مكالمة / واتساب | J20: هيستلم من المزرعه | K20: استلام من المزرعة | L20: الدقهلية | M20: الدقهلية | N20: المنصوره | P20: أنس | Q20: 1003054163 | S20: دكرنس المنصوره | T20: 5250 | U20: 70 | V20: 1 | W20: nan | X20: يناير 2025 | Y20: 20 | AL20: 70
A21: 20 | B21: 2025 | C21: 1 | D21: يناير | E21: 45670.998 | F21: سهيله | G21: سهيلة | H21: مكالمة / واتساب | I21: مكالمة / واتساب | J21: زودكس | K21: زودكس | L21: القاهرة | M21: القاهرة | N21: الزمالك | P21: احمد عطالله | Q21: 1030192080 | S21: ١٢ عزيز اباظه الزمالك الدور ٧ | T21: 1890 | U21: 10 | V21: 1 | W21: nan | X21: يناير 2025 | Y21: 21 | AA21: 1 | AB21: 1 | AD21: 1 | AH21: 1 | AN21: 2 | AO21: 2 | AP21: 2
A22: 21 | B22: 2025 | C22: 1 | D22: يناير | E22: 45674.791 | F22: سهيله | G22: سهيلة | H22: فيسبوك | I22: فيسبوك | J22: زودكس | K22: زودكس | L22: القاهرة | M22: القاهرة | N22: بشتيل | P22: حسام ابراهيم دسوقي ابراهيم | Q22: 1143177217 | S22: بشتيل اخر سهم الدائري بعد محطة مترو الدائري بشتيل اخر ب حوالي ك عند نادي استاد بشتيل الرياضي | T22: 3700 | U22: 18 | V22: 1 | W22: nan | X22: يناير 2025 | Y22: 22 | Z22: 12 | AH22: 2 | AI22: 2 | AJ22: 2
A23: 22 | B23: 2025 | C23: 1 | D23: يناير | E23: 45675.44 | F23: رانيا | G23: رانيا | H23: مكالمة / واتساب | I23: مكالمة / واتساب | J23: زودكس | K23: زودكس | L23: القاهرة | M23: القاهرة | N23: 6 اكتوبر | P23: بسيوني سليم | Q23: 1003824073 | R23: 1114530630 | S23: السادس من أكتوبر أبراج الأمريكية برج5 مقابل مسجد الشيخ الحصري تحت كنوز البن عبدالمعبود المركز الدولي للاعشاب والنباتات الطبية | T23: 2000 | U23: 20 | V23: 1 | W23: nan | X23: يناير 2025 | Y23: 23 | AL23: 20
A24: 23 | B24: 2025 | C24: 1 | D24: يناير | E24: 45681.903 | F24: آيه | G24: أية | H24: فيسبوك | I24: فيسبوك | J24: زودكس | K24: زودكس | L24: القاهرة | M24: القاهرة | N24: المهندسين | P24: محمد ابو المجد | Q24: 1128290011 | R24: 1021014259 | S24: 25ش سلامه الراضي ارض اللواء المهندسين | T24: 940 | U24: 4 | V24: 1 | W24: nan | X24: يناير 2025 | Y24: 24 | AB24: 4
A25: 24 | B25: 2025 | C25: 1 | D25: يناير | E25: 45682.998 | F25: رانيا | G25: رانيا | H25: مكالمة / واتساب | I25: مكالمة / واتساب | J25: استلم من المزرعه | K25: استلام من المزرعة | L25: الغربية | M25: الغربية | N25: طنطا | P25: محمد مصطفي | Q25: 1286976050 | S25: طنطا القرشي | T25: 600 | U25: 4 | V25: 1 | W25: nan | X25: يناير 2025 | Y25: 25 | AH25: 4
A26: 25 | B26: 2025 | C26: 1 | D26: يناير | E26: 45685.979 | F26: سهيله | G26: سهيلة | H26: فيسبوك | I26: فيسبوك | J26: زودكس | K26: زودكس | L26: الجيزة | M26: الجيزة | N26: الجيزه | P26: المهندسه نشوة العراقي | Q26: 1223710119 | S26: ٢٥ش العشرين محطه مدكور فيصل الجيزه الدور السابع شقه ٢٠ بجوار صيدليه الصحه | T26: 435 | U26: 2 | V26: 1 | W26: nan | X26: يناير 2025 | Y26: 26 | AB26: 1 | AE26: 1
A27: 26 | B27: 2025 | C27: 1 | D27: يناير | E27: 45686.075 | F27: سهيله | G27: سهيلة | H27: فيسبوك | I27: فيسبوك | J27: زودكس | K27: زودكس | L27: القاهرة | M27: القاهرة | N27: القاهرة | P27: مها نبيل حافظ | Q27: 1004958658 | R27: 222663108 | S27: مساكن شيراتون المطار مصر للتعمير المنطقة الاولى عمارة ٣٤ شقة ٥ | T27: 2397 | U27: 14 | V27: 1 | W27: nan | X27: يناير 2025 | Y27: 27 | AA27: 1 | AB27: 1 | AC27: 1 | AD27: 1 | AH27: 1 | AN27: 2 | AO27: 2 | AP27: 2 | AQ27: 2 | AU27: 1
A28: 27 | B28: 2025 | C28: 1 | D28: يناير | E28: 45686.7 | F28: آيه | G28: أية | H28: مكالمة / واتساب | I28: مكالمة / واتساب | J28: مندوب خاص | K28: مندوب خاص | L28: المنوفية | M28: المنوفية | N28: شبين | P28: رمضان | Q28: 1001320163 | S28: شبين الكوم أمام مركز شباب الحي القبلي | T28: 2730 | U28: 0 | V28: 1 | W28: دبوس 7ك | nan | X28: يناير 2025 | Y28: 28
A29: 28 | B29: 2025 | C29: 1 | D29: يناير | E29: 45686.717 | F29: آيه | G29: أية | H29: فيسبوك | I29: فيسبوك | J29: زودكس | K29: زودكس | L29: القاهرة | M29: القاهرة | N29: مدينتي | P29: نشوي | Q29: 1006757744 | S29: مدينتي م17 عماره28 شقه12 | T29: 1480 | U29: 7 | V29: 1 | W29: nan | X29: يناير 2025 | Y29: 29 | AA29: 2 | AC29: 2 | AF29: 2 | AH29: 1
A30: 29 | B30: 2025 | C30: 1 | D30: يناير | E30: 45686.722 | F30: آيه | G30: أية | H30: فيسبوك | I30: فيسبوك | J30: زودكس | K30: زودكس | L30: الجيزة | M30: الجيزة | N30: اكتوبر | P30: سيد حسن | Q30: 1004283599 | S30: اكتوبر الحي الثامن محور جمال عبد الناصر فاميلي لاند عماره6أ شقه7 | T30: 1890 | U30: 10 | V30: 1 | W30: nan | X30: يناير 2025 | Y30: 30 | AA30: 1 | AB30: 1 | AD30: 1 | AH30: 1 | AN30: 2 | AO30: 2 | AP30: 2
A31: 30 | B31: 2025 | C31: 1 | D31: يناير | E31: 45686.737 | F31: آيه | G31: أية | H31: فيسبوك | I31: فيسبوك | J31: زودكس | K31: زودكس | L31: الجيزة | M31: الجيزة | N31: فيصل | P31: سعد كمال | Q31: 1117997999 | S31: 1ش عيد مصطفى الدور 2 ش9 فيصل | T31: 1740 | U31: 8 | V31: 1 | W31: nan | X31: يناير 2025 | Y31: 31 | AB31: 8
A32: 31 | B32: 2025 | C32: 1 | D32: يناير | E32: 45686.889 | F32: آيه | G32: أية | H32: فيسبوك | I32: فيسبوك | J32: زودكس | K32: زودكس | L32: القاهرة | M32: القاهرة | N32: مدينه نصر | P32: احمد طلعت | Q32: 1223166369 | S32: 17ش د احمد ابراهيم من عباس العقاد أمام الحديقة الدولية ناصية مصر للطيران الدور7شقه72 | T32: 1305 | U32: 6 | V32: 1 | W32: nan | X32: يناير 2025 | Y32: 32 | AA32: 6
A33: 32 | B33: 2025 | C33: 1 | D33: يناير | E33: 45686.99 | F33: سهيله | G33: سهيلة | H33: فيسبوك | I33: فيسبوك | J33: مندوب خاص | K33: مندوب خاص | L33: المنوفية | M33: المنوفية | N33: تلا | P33: حسين محمد عبد المطلب | Q33: 1098281897 | S33: مركز تلا منوفيه | T33: 870 | U33: 4 | V33: 1 | W33: nan | X33: يناير 2025 | Y33: 33 | AB33: 2 | AE33: 2
A34: 33 | B34: 2025 | C34: 1 | D34: يناير | E34: 45687.704 | F34: آيه | G34: أية | H34: مكالمة / واتساب | I34: مكالمة / واتساب | J34: زودكس | K34: زودكس | L34: القاهرة | M34: القاهرة | N34: مدينه نصر | P34: الفت | Q34: 1551364331 | S34: زهراء مدينه نصر جاردينيا سيتي عماره 488 الدور الاول شقه12 | T34: 655 | U34: 3 | V34: 1 | W34: nan | X34: يناير 2025 | Y34: 34 | AA34: 3
A35: 34 | B35: 2025 | C35: 1 | D35: يناير | E35: 45687.973 | F35: سهيله | G35: سهيلة | H35: فيسبوك | I35: فيسبوك | J35: مندوب خاص | K35: مندوب خاص | L35: الشرقية | M35: الشرقية | N35: سماكين الغراب الحسينيه | P35: علي احمد عبدالعزيز | Q35: 1000866916 | S35: سماكين الغراب الحسينيه شرقيه | T35: 9830 | U35: 11 | V35: 1 | W35: فخدة 17 كيلو | nan | X35: يناير 2025 | Y35: 35 | AH35: 3 | AI35: 2 | AJ35: 3 | AK35: 3
A36: 35 | B36: 2025 | C36: 1 | D36: يناير | E36: 45688.468 | F36: رانيا | G36: رانيا | H36: مكالمة / واتساب | I36: مكالمة / واتساب | J36: مندوب خاص | K36: مندوب خاص | L36: الغربية | M36: الغربية | N36: زفتي | P36: نعمات السيد | Q36: 1099757807 | S36: زفتي شارع الجيش بجوار محل بيت الدواجن بجوار فرن طه | T36: 655 | U36: 4 | V36: 1 | W36: nan | X36: يناير 2025 | Y36: 36 | Z36: 2 | AK36: 2
A37: 36 | B37: 2025 | C37: 1 | D37: يناير | E37: 45688.698 | F37: رانيا | G37: رانيا | H37: مكالمة / واتساب | I37: مكالمة / واتساب | J37: مندوب خاص | K37: مندوب خاص | L37: الغربية | M37: الغربية | N37: زفتي | P37: محمود الوكيل | Q37: 1014590505 | S37: زفتي بعد مدرسه الصنايع شار الجيش | T37: 870 | U37: 4 | V37: 1 | W37: nan | X37: يناير 2025 | Y37: 37 | AA37: 4
A38: 37 | B38: 2025 | C38: 1 | D38: يناير | E38: 45688.772 | F38: سهيله | G38: سهيلة | H38: فيسبوك | I38: فيسبوك | J38: مندوب خاص | K38: مندوب خاص | L38: القليوبية | M38: القليوبية | N38: بنها المنشيه | P38: نعمه الطوخي | Q38: 1283640004 | S38: القليوبية بنها المنشية شارع الروضة فوق مخبز الإخوة | T38: 2960 | U38: 14 | V38: 1 | W38: nan | X38: يناير 2025 | Y38: 38 | AA38: 6 | AB38: 6 | AN38: 2
A39: 38 | B39: 2025 | C39: 1 | D39: يناير | E39: 45688.784 | F39: آيه | G39: أية | H39: مكالمة / واتساب | I39: مكالمة / واتساب | J39: زودكس | K39: زودكس | L39: الجيزة | M39: الجيزة | N39: الهرم | P39: اسماء | Q39: 1111822351 | R39: 1007361256 | S39: 13ش عوض داود من الرضا ترسا الكوم الاخضر الهرم | T39: 1250 | U39: 10 | V39: 1 | W39: nan | X39: يناير 2025 | Y39: 39 | AH39: 1 | AI39: 2 | AJ39: 1 | AK39: 2 | AN39: 2 | AO39: 2
A40: 39 | B40: 2025 | C40: 1 | D40: يناير | E40: 45688.996 | F40: رانيا | G40: رانيا | H40: مكالمة / واتساب | I40: مكالمة / واتساب | J40: مندوب خاص | K40: مندوب خاص | L40: الشرقية | M40: الشرقية | N40: الزقازيق | P40: مدام أمل | Q40: 1227009388 | S40: الزقازيق شارع فاروق برج ابو السعود 6 | T40: 1510 | U40: 10 | V40: 1 | W40: nan | X40: يناير 2025 | Y40: 40 | AA40: 2 | AK40: 8
A41: 40 | B41: 2025 | C41: 1 | D41: يناير | E41: 45659.851 | F41: آيه | G41: أية | H41: مكالمة / واتساب | I41: مكالمة / واتساب | J41: مندوب خاص | K41: مندوب خاص | L41: الاسكندرية | M41: الإسكندرية | N41: ابيس | P41: اسلام | Q41: 1005305500 | S41: اسكندريه ابيس | T41: 42000 | U41: 200 | V41: 1 | W41: nan | X41: يناير 2025 | Y41: 41 | Z41: 200
A42: 41 | B42: 2025 | C42: 1 | D42: يناير | E42: 45659.86 | F42: آيه | G42: أية | H42: فيسبوك | I42: فيسبوك | J42: مندوب خاص | K42: مندوب خاص | L42: الغربية | M42: الغربية | N42: المحله الكبرى | P42: هاني طلبه | Q42: 1066302728 | S42: ميدان المشحمه ش كيمدار للسياحه أمام المدينة المنوره للامونتال | T42: 2000 | U42: 15 | V42: 1 | W42: nan | X42: يناير 2025 | Y42: 42 | Z42: 1 | AB42: 1 | AK42: 2 | AM42: 1 | AN42: 2 | AO42: 2 | AP42: 2 | AT42: 2 | AU42: 2
A43: 42 | B43: 2025 | C43: 1 | D43: يناير | E43: 45659.864 | F43: آيه | G43: أية | H43: مكالمة / واتساب | I43: مكالمة / واتساب | J43: مندوب خاص | K43: مندوب خاص | L43: كفر الشيخ | M43: كفر الشيخ | N43: سيدي سالم | P43: احمد اسماعيل | Q43: 1558986669 | S43: كفر الشيخ مدينه سيدي سالم أمام الموقف برج احمد فهمي | T43: 2465 | U43: 17 | V43: 1 | W43: nan | X43: يناير 2025 | Y43: 43 | Z43: 2 | AB43: 2 | AK43: 2 | AM43: 1 | AN43: 2 | AO43: 2 | AP43: 2 | AT43: 2 | AU43: 2
A44: 43 | B44: 2025 | C44: 1 | D44: يناير | E44: 45659.894 | F44: الاء | G44: الاء | H44: مكالمة / واتساب | I44: مكالمة / واتساب | J44: زودكس | K44: زودكس | L44: القاهرة | M44: القاهرة | N44: مصر القديمه | P44: نفيسه على جوده | Q44: 1275959833 | S44: مساكن عين الصيره بلوك 40مدخل 2شقه12 | T44: 2000 | U44: 15 | V44: 1 | W44: nan | X44: يناير 2025 | Y44: 44 | Z44: 1 | AB44: 1 | AK44: 2 | AM44: 1 | AN44: 2 | AO44: 2 | AP44: 2 | AT44: 2 | AU44: 2
A45: 44 | B45: 2025 | C45: 1 | D45: يناير | E45: 45659.904 | F45: آيه | G45: أية | H45: مكالمة / واتساب | I45: مكالمة / واتساب | J45: زودكس | K45: زودكس | L45: القاهرة | M45: القاهرة | N45: وسط البلد | P45: مصطفي | Q45: 1099233811 | S45: ٣٣ عبد الخالق ثروت خلف مطعم جاد وسط البلد | T45: 2000 | U45: 15 | V45: 1 | W45: nan | X45: يناير 2025 | Y45: 45 | Z45: 1 | AB45: 1 | AK45: 2 | AM45: 1 | AN45: 2 | AO45: 2 | AP45: 2 | AT45: 2 | AU45: 2
A46: 45 | B46: 2025 | C46: 1 | D46: يناير | E46: 45659.909 | F46: آيه | G46: أية | H46: مكالمة / واتساب | I46: مكالمة / واتساب | J46: استلم من المزرعه | K46: استلام من المزرعة | L46: الغربية | M46: الغربية | N46: مسجد وصيف | P46: محمد | Q46: 1010054949 | S46: مسجد وصيف | T46: 560 | U46: 4 | V46: 1 | W46: nan | X46: يناير 2025 | Y46: 46 | AU46: 4
A47: 46 | B47: 2025 | C47: 1 | D47: يناير | E47: 45659.921 | F47: آيه | G47: أية | H47: فيسبوك | I47: فيسبوك | J47: زودكس | K47: زودكس | L47: الجيزة | M47: الجيزة | N47: السلام | P47: محمود | Q47: 1090099490 | S47: ش مصطفى السنهوري صور الجيش مدينة السلام سبيكو ملف العبد | T47: 2000 | U47: 14 | V47: 1 | W47: nan | X47: يناير 2025 | Y47: 47 | Z47: 1 | AB47: 1 | AK47: 2 | AN47: 2 | AO47: 2 | AP47: 2 | AT47: 2 | AU47: 2
A48: 47 | B48: 2025 | C48: 1 | D48: يناير | E48: 45659.983 | F48: آيه | G48: أية | H48: مكالمة / واتساب | I48: مكالمة / واتساب | J48: زودكس | K48: زودكس | L48: القاهرة | M48: القاهرة | N48: جسر السويس | P48: احمد لطفي | Q48: 1159090990 | R48: 1032767762 | S48: سنتر جلاكسي اعلي مسجد الشهداء مزلقان كوفرتينا أمام مستشفي الامل جسر السويس | T48: 4160 | U48: 28 | V48: 1 | W48: nan | X48: يناير 2025 | Y48: 48 | Z48: 2 | AB48: 2 | AN48: 4 | AO48: 4 | AP48: 8 | AT48: 4 | AU48: 4
A49: 48 | B49: 2025 | C49: 1 | D49: يناير | E49: 45660.478 | F49: رانيا | G49: رانيا | H49: مكالمة / واتساب | I49: مكالمة / واتساب | J49: مندوب خاص | K49: مندوب خاص | L49: المنوفية | M49: المنوفية | N49: عرب الرمل | P49: محمد احمد حسن | Q49: 1121236601 | R49: 1276983331 | S49: عرب الرمل ـ قويسنا ـ المنوفية | T49: 1999 | U49: 12 | V49: 1 | W49: nan | X49: يناير 2025 | Y49: 49 | Z49: 1 | AB49: 1 | AN49: 2 | AO49: 2 | AP49: 2 | AT49: 2 | AU49: 2
A50: 49 | B50: 2025 | C50: 1 | D50: يناير | E50: 45660.503 | F50: رانيا | G50: رانيا | H50: مكالمة / واتساب | I50: مكالمة / واتساب | J50: زودكس | K50: زودكس | L50: القاهرة | M50: القاهرة | N50: السلام | P50: سعيد سعد | Q50: 1143009988 | S50: مدينه نصر شارع احمد الصاوي من مكرم عبيد مسجد الارقم مداعب سكواش | T50: 1999 | U50: 12 | V50: 1 | W50: nan | X50: يناير 2025 | Y50: 50 | Z50: 1 | AB50: 1 | AN50: 2 | AO50: 2 | AP50: 2 | AT50: 2 | AU50: 2
A51: 50 | B51: 2025 | C51: 1 | D51: يناير | E51: 45660.679 | F51: آيه | G51: أية | H51: مكالمة / واتساب | I51: مكالمة / واتساب | J51: استلم من المزرعه | K51: استلام من المزرعة | L51: الغربية | M51: الغربية | N51: زفتي | P51: عبد الجواد | Q51: 1222822133 | S51: مسجد وصيف | T51: 2580 | U51: 12 | V51: 1 | W51: nan | X51: يناير 2025 | Y51: 51 | Z51: 6 | AB51: 6
A52: 51 | B52: 2025 | C52: 1 | D52: يناير | E52: 45660.817 | F52: آيه | G52: أية | H52: مكالمة / واتساب | I52: مكالمة / واتساب | J52: زودكس | K52: زودكس | L52: القاهرة | M52: القاهرة | N52: عبود | P52: مجدي السيد | Q52: 1005594926 | R52: 1158686966 | S52: ش تفتيش الري المظلات ابراج اغاخان كورنيش النيل | T52: 2000 | U52: 14 | V52: 1 | W52: nan | X52: يناير 2025 | Y52: 52 | Z52: 1 | AB52: 1 | AK52: 2 | AN52: 2 | AO52: 2 | AP52: 2 | AT52: 2 | AU52: 2
A53: 52 | B53: 2025 | C53: 1 | D53: يناير | E53: 45660.833 | F53: آيه | G53: أية | H53: مكالمة / واتساب | I53: مكالمة / واتساب | J53: مندوب خاص | K53: مندوب خاص | L53: الاسكندرية | M53: الإسكندرية | N53: محرم بك | P53: حور | Q53: 1020238257 | S53: اسكندريه موقف محرم بك | T53: 590 | U53: 3 | V53: 1 | W53: nan | X53: يناير 2025 | Y53: 53 | AA53: 1 | AN53: 1 | AP53: 1
A54: 53 | B54: 2025 | C54: 1 | D54: يناير | E54: 45660.949 | F54: آيه | G54: أية | H54: مكالمة / واتساب | I54: مكالمة / واتساب | J54: مندوب خاص | K54: مندوب خاص | L54: الشرقية | M54: الشرقية | N54: الحسينيه | P54: محمد | Q54: 1003742467 | S54: الحسينيه | T54: 5850 | U54: 22 | V54: 1 | W54: دبوس ٧ك | nan | X54: يناير 2025 | Y54: 54 | Z54: 1 | AB54: 1 | AH54: 3 | AK54: 7 | AN54: 2 | AO54: 2 | AP54: 2 | AT54: 2 | AU54: 2
A55: 54 | B55: 2025 | C55: 1 | D55: يناير | E55: 45661.052 | F55: الاء | G55: الاء | H55: مكالمة / واتساب | I55: مكالمة / واتساب | J55: زودكس | K55: زودكس | L55: الجيزة | M55: الجيزة | N55: الوراق | P55: حاتم حسين | Q55: 1270634661 | S55: 52ش ابو بكر الصديق الوراق الكورنيش الجديد خلف قسم الوراق الدور التالت | T55: 2000 | U55: 15 | V55: 1 | W55: nan | X55: يناير 2025 | Y55: 55 | Z55: 1 | AB55: 1 | AK55: 2 | AM55: 1 | AN55: 2 | AO55: 2 | AP55: 2 | AT55: 2 | AU55: 2
A56: 55 | B56: 2025 | C56: 1 | D56: يناير | E56: 45661.055 | F56: الاء | G56: الاء | H56: مكالمة / واتساب | I56: مكالمة / واتساب | J56: زودكس | K56: زودكس | L56: القاهرة | M56: القاهرة | N56: جسر السويس | P56: وليد احمد | Q56: 1145262694 | R56: 1555537664 | S56: 4شارع 119خلف حديقه بدر جسر السويس القاهره | T56: 2000 | U56: 15 | V56: 1 | W56: nan | X56: يناير 2025 | Y56: 56 | Z56: 1 | AB56: 1 | AK56: 2 | AM56: 1 | AN56: 2 | AO56: 2 | AP56: 2 | AT56: 2 | AU56: 2
A57: 56 | B57: 2025 | C57: 1 | D57: يناير | E57: 45661.697 | F57: آيه | G57: أية | H57: مكالمة / واتساب | I57: مكالمة / واتساب | J57: زودكس | K57: زودكس | L57: القاهرة | M57: القاهرة | N57: المرج | P57: محمد جمال | Q57: 1117156566 | S57: المرج الجديده نزله القصر عند بنزيمه توتال | T57: 2740 | U57: 18 | V57: 1 | W57: nan | X57: يناير 2025 | Y57: 57 | Z57: 1 | AA57: 2 | AB57: 1 | AK57: 2 | AM57: 2 | AN57: 2 | AO57: 2 | AP57: 2 | AT57: 2 | AU57: 2
A58: 57 | B58: 2025 | C58: 1 | D58: يناير | E58: 45661.706 | F58: آيه | G58: أية | H58: مكالمة / واتساب | I58: مكالمة / واتساب | J58: زودكس | K58: زودكس | L58: الجيزة | M58: الجيزة | N58: العجوزه | P58: خالد سعيد | Q58: 1225560185 | S58: العجوزه | T58: 2000 | U58: 15 | V58: 1 | W58: nan | X58: يناير 2025 | Y58: 58 | Z58: 1 | AB58: 1 | AK58: 2 | AM58: 1 | AN58: 2 | AO58: 2 | AP58: 2 | AT58: 2 | AU58: 2
A59: 58 | B59: 2025 | C59: 1 | D59: يناير | E59: 45661.924 | F59: رانيا | G59: رانيا | H59: مكالمة / واتساب | I59: مكالمة / واتساب | J59: مندوب خاص | K59: مندوب خاص | L59: الغربية | M59: الغربية | N59: المحله | P59: محمود حماد | Q59: 1281769294 | R59: 1551292927 | S59: المحله الكبري مساكن الشركه عماره 55 شقه 14 | T59: 1999 | U59: 12 | V59: 1 | W59: nan | X59: يناير 2025 | Y59: 59 | Z59: 1 | AB59: 1 | AN59: 2 | AO59: 2 | AP59: 2 | AT59: 2 | AU59: 2
A60: 59 | B60: 2025 | C60: 1 | D60: يناير | E60: 45661.975 | F60: الاء | G60: الاء | H60: مكالمة / واتساب | I60: مكالمة / واتساب | J60: مندوب خاص | K60: مندوب خاص | L60: الاسكندرية | M60: الإسكندرية | N60: محرم بيك | P60: عمر المصري | Q60: 1204151632 | S60: الاسكندريه | T60: 350 | U60: 2 | V60: 1 | W60: nan | X60: يناير 2025 | Y60: 60 | AN60: 1 | AP60: 1
A61: 60 | B61: 2025 | C61: 1 | D61: يناير | E61: 45661.986 | F61: الاء | G61: الاء | H61: مكالمة / واتساب | I61: مكالمة / واتساب | J61: زودكس | K61: زودكس | L61: القاهرة | M61: القاهرة | N61: النزهه | P61: مصطفي محمود | Q61: 1140337786 | S61: ٤٢ش محمد علي البقلي متفرع من ش الحجاز ميدان المحكمة الدور ٤ شقة ٢٢ | T61: 2380 | U61: 16 | V61: 1 | W61: nan | X61: يناير 2025 | Y61: 61 | Z61: 1 | AB61: 1 | AH61: 2 | AK61: 2 | AN61: 2 | AO61: 2 | AP61: 2 | AT61: 2 | AU61: 2
A62: 61 | B62: 2025 | C62: 1 | D62: يناير | E62: 45661.993 | F62: الاء | G62: الاء | H62: مكالمة / واتساب | I62: مكالمة / واتساب | J62: زودكس | K62: زودكس | L62: القاهرة | M62: القاهرة | N62: جاردن سيتي | P62: باتريموان دو كير | Q62: 1092645440 | S62: ٣ شارع دار الشفا جاردن سيتي القاهرة الدور الأول | T62: 960 | U62: 4 | V62: 1 | W62: nan | X62: يناير 2025 | Y62: 62 | AA62: 4
A63: 62 | B63: 2025 | C63: 1 | D63: يناير | E63: 45662.012 | F63: الاء | G63: الاء | H63: مكالمة / واتساب | I63: مكالمة / واتساب | J63: مندوب خاص | K63: مندوب خاص | L63: الشرقية | M63: الشرقية | N63: الزقازيق | P63: عبد الله حمدان | Q63: 1122889989 | S63: الزقازيق. ٢٥ شارع القومية. اعلى جنة للتحف. امام زكي للموبيليا. عمارة ناجي الدور الثالث. | T63: 7380 | U63: 8 | V63: 1 | W63: 2دبوس 7ك | nan | X63: يناير 2025 | Y63: 63 | AA63: 8
A64: 63 | B64: 2025 | C64: 1 | D64: يناير | E64: 45662.616 | F64: آيه | G64: أية | H64: مكالمة / واتساب | I64: مكالمة / واتساب | J64: مندوب خاص | K64: مندوب خاص | L64: الغربية | M64: الغربية | N64: طنطا | P64: عماد عزقول | Q64: 1069603617 | S64: طنطا قحافه أمام مسجد الفتح | T64: 660 | U64: 4 | V64: 1 | W64: nan | X64: يناير 2025 | Y64: 64 | Z64: 2 | AL64: 2
A65: 64 | B65: 2025 | C65: 1 | D65: يناير | E65: 45662.713 | F65: آيه | G65: أية | H65: مكالمة / واتساب | I65: مكالمة / واتساب | J65: زودكس | K65: زودكس | L65: الجيزة | M65: الجيزة | N65: العجوزه | P65: طاهر | Q65: 1103896620 | S65: العجوزه | T65: 300 | U65: 3 | V65: 1 | W65: nan | X65: يناير 2025 | Y65: 65 | AP65: 1 | AT65: 2
A66: 65 | B66: 2025 | C66: 1 | D66: يناير | E66: 45662.72 | F66: آيه | G66: أية | H66: مكالمة / واتساب | I66: مكالمة / واتساب | J66: زودكس | K66: زودكس | L66: القاهرة | M66: القاهرة | N66: دار السلام | P66: مصطفي عصام | Q66: 1112528081 | S66: ٥٣ ش عبد القادر دار السلام القاهره | T66: 470 | U66: 3 | V66: 1 | W66: nan | X66: يناير 2025 | Y66: 66 | Z66: 1 | AK66: 1 | AM66: 1
A67: 66 | B67: 2025 | C67: 1 | D67: يناير | E67: 45662.724 | F67: آيه | G67: أية | H67: مكالمة / واتساب | I67: مكالمة / واتساب | J67: مندوب خاص | K67: مندوب خاص | L67: الاسكندرية | M67: الإسكندرية | N67: ابيس | P67: اسلام الشربيني | Q67: 1005305500 | S67: اسكندريه ابيس | T67: 42000 | U67: 200 | V67: 1 | W67: nan | X67: يناير 2025 | Y67: 67 | Z67: 200
A68: 67 | B68: 2025 | C68: 1 | D68: يناير | E68: 45662.826 | F68: آيه | G68: أية | H68: فيسبوك | I68: فيسبوك | J68: مندوب خاص | K68: مندوب خاص | L68: الشرقية | M68: الشرقية | N68: الزقازيق | P68: محمد عصام | Q68: 1065025505 | S68: الزقازيق بجوار موقف مصر بالاحرار | T68: 4395 | U68: 21 | V68: 1 | W68: nan | X68: يناير 2025 | Y68: 68 | Z68: 8 | AB68: 4 | AD68: 3 | AE68: 1 | AH68: 1 | AJ68: 1 | AK68: 2 | AQ68: 1
A69: 68 | B69: 2025 | C69: 1 | D69: يناير | E69: 45662.898 | F69: آيه | G69: أية | H69: مكالمة / واتساب | I69: مكالمة / واتساب | J69: زودكس | K69: زودكس | L69: القاهرة | M69: القاهرة | N69: عزبه النخل | P69: ابانوب عادل | Q69: 1225953321 | S69: ٣٢ ش سليم الزقله متفرع من ش الكنيسه الفرنساوي عزبه النخل الغربيه | T69: 2000 | U69: 14 | V69: 1 | W69: nan | X69: يناير 2025 | Y69: 69 | Z69: 1 | AB69: 1 | AK69: 2 | AN69: 2 | AO69: 2 | AP69: 2 | AT69: 2 | AU69: 2
A70: 69 | B70: 2025 | C70: 1 | D70: يناير | E70: 45662.899 | F70: آيه | G70: أية | H70: فيسبوك | I70: فيسبوك | J70: زودكس | K70: زودكس | L70: الجيزة | M70: الجيزة | N70: الوراق | P70: غريب حسين | Q70: 1003089955 | S70: ١٠ شمس الاسلام عزبه الخليفه الوراق الجيزه | T70: 2000 | U70: 14 | V70: 1 | W70: nan | X70: يناير 2025 | Y70: 70 | Z70: 1 | AB70: 1 | AK70: 2 | AN70: 2 | AO70: 2 | AP70: 2 | AT70: 2 | AU70: 2
A71: 70 | B71: 2025 | C71: 1 | D71: يناير | E71: 45661.636 | F71: آيه | G71: أية | H71: مكالمة / واتساب | I71: مكالمة / واتساب | J71: مندوب خاص | K71: مندوب خاص | L71: الشرقية | M71: الشرقية | N71: الزقازيق | P71: اسراء سعيد | Q71: 1006274155 | S71: الزقازيق ش الغشام بجوار مستشفى المهد | T71: 2000 | U71: 14 | V71: 1 | W71: nan | X71: يناير 2025 | Y71: 71 | Z71: 1 | AB71: 1 | AK71: 2 | AN71: 2 | AO71: 2 | AP71: 2 | AT71: 2 | AU71: 2
A72: 71 | B72: 2025 | C72: 1 | D72: يناير | E72: 45662.979 | F72: آيه | G72: أية | H72: مكالمة / واتساب | I72: مكالمة / واتساب | J72: مندوب خاص | K72: مندوب خاص | L72: كفر الشيخ | M72: كفر الشيخ | N72: بلطيم | P72: ولاء سمير | Q72: 1003393881 | R72: 1003545297 | S72: كفر الشيخ بلطيم | T72: 2000 | U72: 14 | V72: 1 | W72: nan | X72: يناير 2025 | Y72: 72 | Z72: 1 | AB72: 1 | AK72: 2 | AN72: 2 | AO72: 2 | AP72: 2 | AT72: 2 | AU72: 2
A73: 72 | B73: 2025 | C73: 1 | D73: يناير | E73: 45662.991 | F73: آيه | G73: أية | H73: فيسبوك | I73: فيسبوك | J73: مندوب خاص | K73: مندوب خاص | L73: الشرقية | M73: الشرقية | N73: بلبيس | P73: قاسم عبد الباري | Q73: 1069097474 | S73: كفر اكياد بلبيس الشرقيه | T73: 2000 | U73: 14 | V73: 1 | W73: nan | X73: يناير 2025 | Y73: 73 | Z73: 1 | AB73: 1 | AK73: 2 | AN73: 2 | AO73: 2 | AP73: 2 | AT73: 2 | AU73: 2
A74: 73 | B74: 2025 | C74: 1 | D74: يناير | E74: 45663.018 | F74: آيه | G74: أية | H74: فيسبوك | I74: فيسبوك | J74: زودكس | K74: زودكس | L74: القاهرة | M74: القاهرة | N74: المعادي | P74: فتحي عبد الغني | Q74: 1221157208 | S74: ٦٤ ش ٣٠٦ المعادي الجديده امام مسجد صقر قريش | T74: 1440 | U74: 6 | V74: 1 | W74: nan | X74: يناير 2025 | Y74: 74 | AA74: 6
A75: 74 | B75: 2025 | C75: 1 | D75: يناير | E75: 45663.455 | F75: آيه | G75: أية | H75: فيسبوك | I75: فيسبوك | J75: زودكس | K75: زودكس | L75: القاهرة | M75: القاهرة | N75: دار السلام | P75: محمد عبد الله | Q75: 1006671944 | S75: ١٠ ش بورسعيد متفرع من ش محمد نور الدين عرب المعادي بجوار مكمه المعادي والبساتين دار السلام بعرب المعادي | T75: 2000 | U75: 14 | V75: 1 | W75: nan | X75: يناير 2025 | Y75: 75 | Z75: 1 | AB75: 1 | AK75: 2 | AN75: 2 | AO75: 2 | AP75: 2 | AT75: 2 | AU75: 2
A76: 75 | B76: 2025 | C76: 1 | D76: يناير | E76: 45663.459 | F76: آيه | G76: أية | H76: مكالمة / واتساب | I76: مكالمة / واتساب | J76: زودكس | K76: زودكس | L76: القاهرة | M76: القاهرة | N76: مدينه نصر | P76: سيدة | Q76: 1503854999 | S76: القاهره مدينه نصر الوفاء والامل ش المدارس مساكن العقارية عماره ١ مدخل شقه ١٠٢ | T76: 1045 | U76: 5 | V76: 1 | W76: nan | X76: يناير 2025 | Y76: 76 | AA76: 2 | AD76: 1 | AH76: 1 | AJ76: 1
A77: 76 | B77: 2025 | C77: 1 | D77: يناير | E77: 45663.481 | F77: آيه | G77: أية | H77: مكالمة / واتساب | I77: مكالمة / واتساب | J77: مندوب خاص | K77: مندوب خاص | L77: كفر الشيخ | M77: كفر الشيخ | N77: كفر الشيخ | P77: عماد عبد السلام | Q77: 1020904824 | S77: كفر الشيخ ش مصنع الغزل امام بوابه مصنع الزيوت والصابون | T77: 2000 | U77: 14 | V77: 1 | W77: nan | X77: يناير 2025 | Y77: 77 | Z77: 1 | AB77: 1 | AK77: 2 | AN77: 2 | AO77: 2 | AP77: 2 | AT77: 2 | AU77: 2
A78: 77 | B78: 2025 | C78: 1 | D78: يناير | E78: 45663.488 | F78: آيه | G78: أية | H78: مكالمة / واتساب | I78: مكالمة / واتساب | J78: مندوب خاص | K78: مندوب خاص | L78: القليوبية | M78: القليوبية | N78: بنها | P78: اشرف محمد | Q78: 1147607688 | S78: بنها | T78: 2380 | U78: 17 | V78: 1 | W78: nan | X78: يناير 2025 | Y78: 78 | Z78: 1 | AB78: 1 | AH78: 1 | AJ78: 1 | AK78: 2 | AM78: 1 | AN78: 2 | AO78: 2 | AP78: 2 | AT78: 2 | AU78: 2
A79: 78 | B79: 2025 | C79: 1 | D79: يناير | E79: 45663.504 | F79: رانيا | G79: رانيا | H79: مكالمة / واتساب | I79: مكالمة / واتساب | J79: مندوب خاص | K79: مندوب خاص | L79: الشرقية | M79: الشرقية | N79: الزقازيق | P79: محمد عصام | Q79: 1065025505 | S79: الزقازيق بجوار موقف مصر بالاحرار | T79: 4320 | U79: 20 | V79: 1 | W79: nan | X79: يناير 2025 | Y79: 79 | Z79: 8 | AB79: 4 | AD79: 3 | AE79: 1 | AH79: 1 | AJ79: 1 | AK79: 2
A80: 79 | B80: 2025 | C80: 1 | D80: يناير | E80: 45663.514 | F80: آيه | G80: أية | H80: مكالمة / واتساب | I80: مكالمة / واتساب | J80: مندوب خاص | K80: مندوب خاص | L80: الدقهلية | M80: الدقهلية | N80: بلقاس | P80: اسامه جابر | Q80: 1080359985 | R80: 1005771765 | S80: بلقاس حي السلام مصنع رخام الحاج اسامه جابر | T80: 2000 | U80: 15 | V80: 1 | W80: nan | X80: يناير 2025 | Y80: 80 | Z80: 1 | AB80: 1 | AK80: 2 | AM80: 1 | AN80: 4 | AP80: 2 | AT80: 2 | AU80: 2
A81: 80 | B81: 2025 | C81: 1 | D81: يناير | E81: 45663.514 | F81: رانيا | G81: رانيا | H81: مكالمة / واتساب | I81: مكالمة / واتساب | J81: زودكس | K81: زودكس | L81: القاهرة | M81: القاهرة | N81: الشيخ زايد | P81: محمد سليمان | Q81: 1001600033 | R81: 1020813636 | S81: الشيخ زايد الحي السابع المجاوره الاولي كمبوند لافيل عماره C شقه 7 امام مول سفن ستار | T81: 1999 | U81: 14 | V81: 1 | W81: nan | X81: يناير 2025 | Y81: 81 | Z81: 1 | AB81: 1 | AK81: 2 | AN81: 2 | AO81: 2 | AP81: 2 | AT81: 2 | AU81: 2
A82: 81 | B82: 2025 | C82: 1 | D82: يناير | E82: 45663.518 | F82: آيه | G82: أية | H82: مكالمة / واتساب | I82: مكالمة / واتساب | J82: مندوب خاص | K82: مندوب خاص | L82: الدقهلية | M82: الدقهلية | N82: المنصوره | P82: محمد ابراهيم | Q82: 1015031729 | R82: 1550818685 | S82: المنصوره | T82: 650 | U82: 3 | V82: 1 | W82: nan | X82: يناير 2025 | Y82: 82 | Z82: 2 | AH82: 1
A83: 82 | B83: 2025 | C83: 1 | D83: يناير | E83: 45663.589 | F83: آيه | G83: أية | H83: فيسبوك | I83: فيسبوك | J83: زودكس | K83: زودكس | L83: القاهرة | M83: القاهرة | N83: مدينه نصر | P83: شريف | Q83: 1032599813 | S83: القاهره زهراء مدينه نصر مساكن الضباط عماره ٣٥٠ الدور ٣ شقه ٣١ | T83: 2000 | U83: 15 | V83: 1 | W83: nan | X83: يناير 2025 | Y83: 83 | Z83: 1 | AB83: 1 | AK83: 2 | AM83: 1 | AN83: 2 | AO83: 2 | AP83: 2 | AT83: 2 | AU83: 2
A84: 83 | B84: 2025 | C84: 1 | D84: يناير | E84: 45663.595 | F84: آيه | G84: أية | H84: فيسبوك | I84: فيسبوك | J84: مندوب خاص | K84: مندوب خاص | L84: الغربية | M84: الغربية | N84: طنطا | P84: اميره السيد | Q84: 1032929926 | S84: طنطا ورا مصنع السرننجات د محمد نبيل | T84: 2000 | U84: 15 | V84: 1 | W84: nan | X84: يناير 2025 | Y84: 84 | Z84: 1 | AB84: 1 | AK84: 2 | AM84: 1 | AN84: 2 | AO84: 2 | AP84: 2 | AT84: 2 | AU84: 2
A85: 84 | B85: 2025 | C85: 1 | D85: يناير | E85: 45663.607 | F85: آيه | G85: أية | H85: فيسبوك | I85: فيسبوك | J85: مندوب خاص | K85: مندوب خاص | L85: دمياط | M85: دمياط | N85: دمياط | P85: كريم عياد | Q85: 1273189960 | R85: 1068148670 | S85: راس البر ش النخيل خلف مسجد النخيل شركه سي سكانر | T85: 2000 | U85: 15 | V85: 1 | W85: nan | X85: يناير 2025 | Y85: 85 | Z85: 1 | AB85: 1 | AK85: 2 | AM85: 1 | AN85: 2 | AO85: 2 | AP85: 2 | AT85: 2 | AU85: 2
A86: 85 | B86: 2025 | C86: 1 | D86: يناير | E86: 45663.65 | F86: آيه | G86: أية | H86: مكالمة / واتساب | I86: مكالمة / واتساب | J86: مندوب خاص | K86: مندوب خاص | L86: الشرقية | M86: الشرقية | N86: العاشر | P86: احمد جمعه | Q86: 1008192188 | S86: العاشر من رمضان مجاوره ٤٩ عماره ١٦ مربع ١ شقه ٩ | T86: 2000 | U86: 15 | V86: 1 | W86: nan | X86: يناير 2025 | Y86: 86 | Z86: 1 | AB86: 1 | AK86: 2 | AM86: 1 | AN86: 2 | AO86: 2 | AP86: 2 | AT86: 2 | AU86: 2
A87: 86 | B87: 2025 | C87: 1 | D87: يناير | E87: 45663.652 | F87: آيه | G87: أية | H87: مكالمة / واتساب | I87: مكالمة / واتساب | J87: زودكس | K87: زودكس | L87: الجيزة | M87: الجيزة | N87: اكتوبر | P87: محمد بيومي | Q87: 1010663825 | S87: اكتوبر الحي السابع أمام المفوضيه | T87: 2000 | U87: 15 | V87: 1 | W87: nan | X87: يناير 2025 | Y87: 87 | Z87: 1 | AB87: 1 | AK87: 2 | AM87: 1 | AN87: 2 | AO87: 2 | AP87: 2 | AT87: 2 | AU87: 2
A88: 87 | B88: 2025 | C88: 1 | D88: يناير | E88: 45663.656 | F88: آيه | G88: أية | H88: مكالمة / واتساب | I88: مكالمة / واتساب | J88: زودكس | K88: زودكس | L88: الجيزة | M88: الجيزة | N88: امبابه | P88: محمد حسين | Q88: 1223230283 | R88: 1142729082 | S88: امبابه 27ش ابو المجد متفرع من ش القوميه العربيه الدور ٣ شقه ٥ | T88: 2000 | U88: 14 | V88: 1 | W88: nan | X88: يناير 2025 | Y88: 88 | Z88: 1 | AB88: 1 | AK88: 2 | AN88: 2 | AO88: 2 | AP88: 2 | AT88: 2 | AU88: 2
A89: 88 | B89: 2025 | C89: 1 | D89: يناير | E89: 45663.661 | F89: آيه | G89: أية | H89: مكالمة / واتساب | I89: مكالمة / واتساب | J89: زودكس | K89: زودكس | L89: القاهرة | M89: القاهرة | N89: عين شمس | P89: مريم ماجد | Q89: 1274582808 | S89: ٧ ش القمر من المدينة المنورة ف منشيه التحرير عين شمس الشرقيه | T89: 2000 | U89: 14 | V89: 1 | W89: nan | X89: يناير 2025 | Y89: 89 | Z89: 1 | AB89: 1 | AK89: 2 | AN89: 2 | AO89: 2 | AP89: 2 | AT89: 2 | AU89: 2
A90: 89 | B90: 2025 | C90: 1 | D90: يناير | E90: 45663.794 | F90: آيه | G90: أية | H90: مكالمة / واتساب | I90: مكالمة / واتساب | J90: مندوب خاص | K90: مندوب خاص | L90: الاسكندرية | M90: الإسكندرية | N90: محرم بك | P90: محمد بسيوني | Q90: 1225657628 | R90: 1225509567 | S90: اسكندريه محرم بك | T90: 1640 | U90: 8 | V90: 1 | W90: nan | X90: يناير 2025 | Y90: 90 | Z90: 2 | AB90: 2 | AD90: 2 | AK90: 2
A91: 90 | B91: 2025 | C91: 1 | D91: يناير | E91: 45663.823 | F91: الاء | G91: الاء | H91: مكالمة / واتساب | I91: مكالمة / واتساب | J91: زودكس | K91: زودكس | L91: القاهرة | M91: القاهرة | N91: الشروق | P91: ايمن خالد | Q91: 1200990766 | R91: 1223739716 | S91: فيلا ١٧ أ كمبوند الواحة الخضراء الحي الخامس مدينة الشروق بجوار كمبوند ماكسيم الشروق | T91: 1060 | U91: 4 | V91: 1 | W91: nan | X91: يناير 2025 | Y91: 91 | AF91: 4
A92: 91 | B92: 2025 | C92: 1 | D92: يناير | E92: 45663.826 | F92: الاء | G92: الاء | H92: مكالمة / واتساب | I92: مكالمة / واتساب | J92: زودكس | K92: زودكس | L92: القاهرة | M92: القاهرة | N92: مدينة نصر | P92: ابو رقية | Q92: 1069938195 | S92: العنوان… .. منظمة الصحة العالمية… 3 شارع عبد الرازق السنهوري… مكرم عبيد… مدينة نصر | T92: 2000 | U92: 14 | V92: 1 | W92: nan | X92: يناير 2025 | Y92: 92 | Z92: 1 | AB92: 1 | AK92: 2 | AN92: 2 | AO92: 2 | AP92: 2 | AT92: 2 | AU92: 2
A93: 92 | B93: 2025 | C93: 1 | D93: يناير | E93: 45663.834 | F93: الاء | G93: الاء | H93: مكالمة / واتساب | I93: مكالمة / واتساب | J93: مندوب خاص | K93: مندوب خاص | L93: بورسعيد | M93: بورسعيد | N93: حي الزهور | P93: عمرو علام | Q93: 1146359515 | S93: بور سعيد | T93: 2000 | U93: 14 | V93: 1 | W93: nan | X93: يناير 2025 | Y93: 93 | Z93: 1 | AB93: 1 | AK93: 2 | AN93: 2 | AO93: 2 | AP93: 2 | AT93: 2 | AU93: 2
A94: 93 | B94: 2025 | C94: 1 | D94: يناير | E94: 45663.835 | F94: الاء | G94: الاء | H94: مكالمة / واتساب | I94: مكالمة / واتساب | J94: استلمت من المرزعه | K94: استلام من المزرعة | L94: الغربية | M94: الغربية | N94: السنطه | P94: هبه | Q94: 1028387211 | S94: السنطه | T94: 2000 | U94: 15 | V94: 1 | W94: nan | X94: يناير 2025 | Y94: 94 | Z94: 1 | AB94: 1 | AK94: 2 | AM94: 1 | AN94: 2 | AO94: 2 | AP94: 2 | AT94: 2 | AU94: 2
A95: 94 | B95: 2025 | C95: 1 | D95: يناير | E95: 45663.854 | F95: آيه | G95: أية | H95: مكالمة / واتساب | I95: مكالمة / واتساب | J95: مندوب خاص | K95: مندوب خاص | L95: القليوبية | M95: القليوبية | N95: شبرا الخيمه | P95: محمد السيد | Q95: 1126090600 | S95: ٣ ش ١٥ مايو شبرا الخيمه بجوار كنتاكي | T95: 960 | U95: 4 | V95: 1 | W95: nan | X95: يناير 2025 | Y95: 95 | AA95: 4
A96: 95 | B96: 2025 | C96: 1 | D96: يناير | E96: 45663.952 | F96: رانيا | G96: رانيا | H96: مكالمة / واتساب | I96: مكالمة / واتساب | J96: زودكس | K96: زودكس | L96: القاهرة | M96: القاهرة | N96: الشروق | P96: محمود الحسيني | Q96: 1093912174 | S96: 148 مساكن الشروق خلف النادي الاهلي | T96: 3020 | U96: 13 | V96: 1 | W96: nan | X96: يناير 2025 | Y96: 96 | Z96: 10 | AA96: 3
A97: 96 | B97: 2025 | C97: 1 | D97: يناير | E97: 45664.561 | F97: آيه | G97: أية | H97: مكالمة / واتساب | I97: مكالمة / واتساب | J97: زودكس | K97: زودكس | L97: القاهرة | M97: القاهرة | N97: دار السلام | P97: محمود ابراهيم | Q97: 1559933881 | S97: دار السلام اتر النبي خلف البنك الاهلي عند العجمي | T97: 2100 | U97: 12 | V97: 1 | W97: nan | X97: يناير 2025 | Y97: 97 | AN97: 2 | AP97: 10
A98: 97 | B98: 2025 | C98: 1 | D98: يناير | E98: 45664.622 | F98: آيه | G98: أية | H98: مكالمة / واتساب | I98: مكالمة / واتساب | J98: زودكس | K98: زودكس | L98: القاهرة | M98: القاهرة | N98: زهراء المعادي | P98: حسين حافظ | Q98: 1125225589 | R98: 1063016891 | S98: المجاوره السابعه بعد معسكر الجيش اللي ف الشارع الرئيسي ع ناصيه الشارع اسواق عرفه | T98: 1095 | U98: 6 | V98: 1 | W98: nan | X98: يناير 2025 | Y98: 98 | Z98: 1 | AB98: 1 | AC98: 1 | AK98: 2 | AN98: 1
A99: 98 | B99: 2025 | C99: 1 | D99: يناير | E99: 45664.722 | F99: رانيا | G99: رانيا | H99: مكالمة / واتساب | I99: مكالمة / واتساب | J99: مندوب خاص | K99: مندوب خاص | L99: الغربية | M99: الغربية | N99: نهطاي | P99: محمد جوده | Q99: 1015562145 | S99: نهطاي بجوار مسجد الجمعيه الشرعيه | T99: 1999 | U99: 14 | V99: 1 | W99: nan | X99: يناير 2025 | Y99: 99 | Z99: 1 | AB99: 1 | AK99: 2 | AN99: 2 | AO99: 2 | AP99: 2 | AT99: 2 | AU99: 2
A100: 99 | B100: 2025 | C100: 1 | D100: يناير | E100: 45664.727 | F100: رانيا | G100: رانيا | H100: حملات واتس | I100: حملات واتس | J100: زودكس | K100: زودكس | L100: القاهرة | M100: القاهرة | N100: اكتوبر | P100: محمد السنان | Q100: 1067655384 | S100: حدايق أكتوبر ابن بيتك المنطقه الرابعه حرف واو رقم 584 | T100: 1999 | U100: 14 | V100: 1 | W100: nan | X100: يناير 2025 | Y100: 100 | Z100: 1 | AB100: 1 | AK100: 2 | AN100: 2 | AO100: 2 | AP100: 2 | AT100: 2 | AU100: 2
...
